Date/Time,AF305DAYLIGHINGCONTROL:Daylighting Reference Point 1 Illuminance [lux](Hourly),AF305DAYLIGHINGCONTROL:Daylighting Reference Point 2 Illuminance [lux](Hourly),Whole Building:Facility Total Electric Demand Power [W](Hourly) 
 10/01  01:00:00,0.0,0.0,7963.017272001282 
 10/01  02:00:00,0.0,0.0,7877.944968411619 
 10/01  03:00:00,0.0,0.0,7740.801417253136 
 10/01  04:00:00,0.0,0.0,7672.267153196008 
 10/01  05:00:00,0.0,0.0,7608.173297778648 
 10/01  06:00:00,89.06159473088433,31.797265910679586,7667.6595646182 
 10/01  07:00:00,606.7679236520685,191.08147276568546,7805.949225552012 
 10/01  08:00:00,488.1134424244699,291.8707334405562,29706.342257138924 
 10/01  09:00:00,547.7004645669268,336.7340476625417,61874.24681707583 
 10/01  10:00:00,507.50183344711896,320.99661925116177,96309.80478936382 
 10/01  11:00:00,413.0086091907872,269.7192702815034,98030.95370563143 
 10/01  12:00:00,323.7547153435271,216.1910951022719,141694.39927415169 
 10/01  13:00:00,319.44011211472079,210.4852255973337,145111.92594510859 
 10/01  14:00:00,308.07836745797337,197.7953040431885,170382.44821892796 
 10/01  15:00:00,242.31419493244628,152.4018962515099,177616.67556937345 
 10/01  16:00:00,158.7859555316427,99.38131505327226,158774.61786176565 
 10/01  17:00:00,64.6509118970141,41.02313214639442,137267.5701978904 
 10/01  18:00:00,7.336416276498217,4.650044507791258,52789.03110526993 
 10/01  19:00:00,0.0,0.0,26000.55588710556 
 10/01  20:00:00,0.0,0.0,10994.510620013816 
 10/01  21:00:00,0.0,0.0,8577.829551667242 
 10/01  22:00:00,0.0,0.0,8150.59601330973 
 10/01  23:00:00,0.0,0.0,8136.9201480324655 
 10/01  24:00:00,0.0,0.0,8119.429471205141 
 10/02  01:00:00,0.0,0.0,7871.989536985077 
 10/02  02:00:00,0.0,0.0,7779.889530858968 
 10/02  03:00:00,0.0,0.0,7669.911163300875 
 10/02  04:00:00,0.0,0.0,7553.677197479301 
 10/02  05:00:00,0.0,0.0,7426.659325282028 
 10/02  06:00:00,89.54031562629125,32.41876603714666,7538.586049274793 
 10/02  07:00:00,616.2167150050909,196.2159533891311,7974.399664843698 
 10/02  08:00:00,515.9995232472146,304.2834006077909,21087.60269106644 
 10/02  09:00:00,565.7557233218026,346.61452049765316,82563.76969170138 
 10/02  10:00:00,517.6385010719931,326.9530196736025,115319.09781222265 
 10/02  11:00:00,401.664549455262,262.42707430795368,121025.86507963711 
 10/02  12:00:00,333.62696331052697,222.3803459007006,151861.17695253765 
 10/02  13:00:00,321.5462820010368,211.35954582699299,136669.34117165485 
 10/02  14:00:00,272.89137914154716,175.35326960334727,154253.42383410608 
 10/02  15:00:00,226.92665469733775,142.99578356883806,130426.18854546525 
 10/02  16:00:00,159.28698336472653,99.65459506758869,135213.77790070963 
 10/02  17:00:00,80.81809467270407,51.00524424203743,111029.81926572095 
 10/02  18:00:00,9.1199596663671,5.720303811140071,109442.80950072548 
 10/02  19:00:00,0.0,0.0,64257.629846997384 
 10/02  20:00:00,0.0,0.0,31289.917712876064 
 10/02  21:00:00,0.0,0.0,8631.990493445248 
 10/02  22:00:00,0.0,0.0,8386.292650869234 
 10/02  23:00:00,0.0,0.0,8335.223156199596 
 10/02  24:00:00,0.0,0.0,8295.605639180341 
 10/03  01:00:00,0.0,0.0,8219.10815841262 
 10/03  02:00:00,0.0,0.0,8122.282520187309 
 10/03  03:00:00,0.0,0.0,7992.530025255056 
 10/03  04:00:00,0.0,0.0,7930.962564568536 
 10/03  05:00:00,0.0,0.0,7859.024199148723 
 10/03  06:00:00,34.56073907784751,14.650965812297829,7900.038331615531 
 10/03  07:00:00,214.26674409412773,92.33419446502207,8081.749050242851 
 10/03  08:00:00,295.49272677827147,184.6232831989595,25186.879516356843 
 10/03  09:00:00,415.31546432701478,261.1457456576658,75803.70104676538 
 10/03  10:00:00,424.0600530907127,271.81557916127528,112799.53827575244 
 10/03  11:00:00,379.961244879934,249.41513734043134,133466.99861746157 
 10/03  12:00:00,333.5189503813123,221.06724191617165,164885.22982251386 
 10/03  13:00:00,291.31513042327807,191.2630388203024,155895.84815739288 
 10/03  14:00:00,253.97226431329015,163.6124720559916,152953.2584435114 
 10/03  15:00:00,234.5288376029225,147.65867878687579,158430.76462878925 
 10/03  16:00:00,187.90032556218879,117.19297884711937,123689.40236287425 
 10/03  17:00:00,98.74800761916886,61.01804412827232,68641.87615896687 
 10/03  18:00:00,11.844702218661303,7.215770971869554,52189.27514080168 
 10/03  19:00:00,0.0,0.0,22665.831820035444 
 10/03  20:00:00,0.0,0.0,9043.168982406913 
 10/03  21:00:00,0.0,0.0,8520.475370207962 
 10/03  22:00:00,0.0,0.0,8100.672502758949 
 10/03  23:00:00,0.0,0.0,8126.978242122001 
 10/03  24:00:00,0.0,0.0,8124.365848511068 
 10/04  01:00:00,0.0,0.0,8060.245677732455 
 10/04  02:00:00,0.0,0.0,7985.0548774862555 
 10/04  03:00:00,0.0,0.0,7924.356628214905 
 10/04  04:00:00,0.0,0.0,7909.207559840378 
 10/04  05:00:00,0.0,0.0,7907.254894739054 
 10/04  06:00:00,47.07860771427135,18.261769769758048,7929.302935569056 
 10/04  07:00:00,297.6777157341044,117.33281053256478,8000.980985159746 
 10/04  08:00:00,354.68157652518337,221.22266780211178,22700.72155362889 
 10/04  09:00:00,429.9346163501493,270.2790430123592,96413.77052733943 
 10/04  10:00:00,423.6343320898315,271.62503788302146,132216.6008294253 
 10/04  11:00:00,378.25481527611307,248.31470445443953,157496.03587683265 
 10/04  12:00:00,344.5050970387635,228.70607396900054,161824.1910705235 
 10/04  13:00:00,325.91339674067646,214.23201273125384,164422.44411525236 
 10/04  14:00:00,306.27099385026858,196.5453708606752,176311.94640655805 
 10/04  15:00:00,277.43467885393519,174.13139746602313,165973.6492244501 
 10/04  16:00:00,206.69715996572919,127.71250934483554,172266.27029975723 
 10/04  17:00:00,105.76202468389464,64.71041177898617,160454.3946169028 
 10/04  18:00:00,13.970098393443744,8.454908789354134,87298.28440074984 
 10/04  19:00:00,0.0,0.0,62352.45226679617 
 10/04  20:00:00,0.0,0.0,44481.81365281241 
 10/04  21:00:00,0.0,0.0,8250.419480336404 
 10/04  22:00:00,0.0,0.0,8238.360843048538 
 10/04  23:00:00,0.0,0.0,8235.496406499775 
 10/04  24:00:00,0.0,0.0,8191.882756048563 
 10/05  01:00:00,0.0,0.0,8095.206772814917 
 10/05  02:00:00,0.0,0.0,7996.323249992221 
 10/05  03:00:00,0.0,0.0,7931.840545747746 
 10/05  04:00:00,0.0,0.0,7915.329472777436 
 10/05  05:00:00,0.0,0.0,7907.040288792581 
 10/05  06:00:00,67.2425312849728,25.473778907580994,7922.972001138162 
 10/05  07:00:00,438.3253637084742,157.31009669265169,7981.209672108217 
 10/05  08:00:00,388.1059275798818,241.08497078727053,28014.380316179497 
 10/05  09:00:00,446.5391154767301,279.89521376200448,70319.01216192164 
 10/05  10:00:00,417.88896705016085,267.89260278979426,137594.93103974139 
 10/05  11:00:00,371.7218697763597,244.00839553035613,136158.9478709906 
 10/05  12:00:00,327.8883241359386,218.72042707700727,142519.65220258226 
 10/05  13:00:00,327.49718408798216,215.08105170902196,156296.46167873266 
 10/05  14:00:00,352.00849662881066,223.82547426935958,166606.7512950498 
 10/05  15:00:00,323.1320061154982,199.59902083489502,145363.70663904245 
 10/05  16:00:00,217.39066522784638,132.6102974985009,126677.22159536423 
 10/05  17:00:00,104.56418414825596,63.88112809698006,117316.33943341281 
 10/05  18:00:00,11.499928228405765,6.979775851793671,55630.456451637205 
 10/05  19:00:00,0.0,0.0,29414.28550229617 
 10/05  20:00:00,0.0,0.0,18544.724003834835 
 10/05  21:00:00,0.0,0.0,13414.022135361987 
 10/05  22:00:00,0.0,0.0,8304.737795426134 
 10/05  23:00:00,0.0,0.0,8277.06456427606 
 10/05  24:00:00,0.0,0.0,8254.17180377928 
 10/06  01:00:00,0.0,0.0,8229.446580469854 
 10/06  02:00:00,0.0,0.0,8214.045773782507 
 10/06  03:00:00,0.0,0.0,8188.439434952014 
 10/06  04:00:00,0.0,0.0,8167.347067399972 
 10/06  05:00:00,0.0,0.0,8150.21143241839 
 10/06  06:00:00,29.618905937597789,13.217815109441844,8125.042761609343 
 10/06  07:00:00,181.9812057481963,82.35210711223111,8090.025037488941 
 10/06  08:00:00,263.34130574409115,164.24307102135428,8086.386202760589 
 10/06  09:00:00,399.81596877934438,251.41106404223425,42058.63928884817 
 10/06  10:00:00,423.08900025821876,271.2546669289148,62932.418488514806 
 10/06  11:00:00,380.4710534385138,249.86908614989535,77404.97701548827 
 10/06  12:00:00,350.8905482307053,233.42708474675025,71536.0372369414 
 10/06  13:00:00,331.12709004429197,217.84695488629846,60062.070373200004 
 10/06  14:00:00,307.6972626758717,197.44861336935524,52687.48998156621 
 10/06  15:00:00,268.33595083896,168.46908378000638,52984.187891632704 
 10/06  16:00:00,196.0636694411396,121.88990874818949,47828.87974616556 
 10/06  17:00:00,98.27900754973178,60.45209567606661,39151.455718142315 
 10/06  18:00:00,10.053524436770515,6.122263820309968,35235.72845978663 
 10/06  19:00:00,0.0,0.0,28441.657712200835 
 10/06  20:00:00,0.0,0.0,11605.641480478407 
 10/06  21:00:00,0.0,0.0,11478.671047145292 
 10/06  22:00:00,0.0,0.0,8658.961778557297 
 10/06  23:00:00,0.0,0.0,8334.406959672671 
 10/06  24:00:00,0.0,0.0,8165.173672587091 
 10/07  01:00:00,0.0,0.0,8112.772636016136 
 10/07  02:00:00,0.0,0.0,8091.682416000374 
 10/07  03:00:00,0.0,0.0,8063.982757300689 
 10/07  04:00:00,0.0,0.0,8020.335031423824 
 10/07  05:00:00,0.0,0.0,7973.107022768568 
 10/07  06:00:00,31.38077554829096,13.600630892482306,7953.679509726105 
 10/07  07:00:00,197.87759621185766,87.64907639299531,7998.8555598905805 
 10/07  08:00:00,288.43625781644786,180.22559023728364,8087.067408108924 
 10/07  09:00:00,380.0859911891432,239.00096186219938,8195.043180531668 
 10/07  10:00:00,388.34094383814365,248.94106581354314,8298.517559930124 
 10/07  11:00:00,354.273147015803,232.23121474351039,8361.44565579733 
 10/07  12:00:00,320.11513716292446,211.96701342634678,8363.0916942529 
 10/07  13:00:00,303.3335736797069,199.11369487463979,8304.506965285342 
 10/07  14:00:00,281.8906479450516,180.93252642425569,8242.368082581888 
 10/07  15:00:00,255.59193177823807,160.6439531049327,8227.590721096263 
 10/07  16:00:00,189.0701369918338,117.77219295492319,8282.874299464771 
 10/07  17:00:00,94.84030533398406,58.53991619299222,8346.15362769769 
 10/07  18:00:00,9.692709038526118,5.915105986319124,8381.194342424771 
 10/07  19:00:00,0.0,0.0,8346.99225221711 
 10/07  20:00:00,0.0,0.0,8292.675426814672 
 10/07  21:00:00,0.0,0.0,8241.201722862339 
 10/07  22:00:00,0.0,0.0,8182.7270854134185 
 10/07  23:00:00,0.0,0.0,8116.935100490799 
 10/07  24:00:00,0.0,0.0,8073.460083694924 
 10/08  01:00:00,0.0,0.0,7700.771571592064 
 10/08  02:00:00,0.0,0.0,7745.2120279901255 
 10/08  03:00:00,0.0,0.0,7692.45577994639 
 10/08  04:00:00,0.0,0.0,7618.318361693061 
 10/08  05:00:00,0.0,0.0,7550.809123135042 
 10/08  06:00:00,34.47217805766844,14.544134280407479,7497.418424476993 
 10/08  07:00:00,207.89041989591667,89.32945666733866,7473.771178989881 
 10/08  08:00:00,269.21140547645026,168.13755514525114,29277.84489993137 
 10/08  09:00:00,372.1488743939228,234.0644254868779,60368.1993224339 
 10/08  10:00:00,390.29408213912867,250.20438013722038,88311.49903127004 
 10/08  11:00:00,361.40393489706659,237.0458598280178,90520.99822065437 
 10/08  12:00:00,322.78952529280488,213.79813144867453,129792.12710571669 
 10/08  13:00:00,290.094106313357,190.4356894186718,132443.53446067879 
 10/08  14:00:00,246.36950056514977,158.79674437322448,165532.98591288634 
 10/08  15:00:00,199.88287045838335,126.5779276343972,174822.41050804684 
 10/08  16:00:00,139.38105565075058,87.60856256098288,156185.77010739383 
 10/08  17:00:00,67.13887430823822,42.52366759680506,135130.91527428138 
 10/08  18:00:00,6.932949378144187,4.3650035826250559,52373.42386057368 
 10/08  19:00:00,0.0,0.0,25742.620692718116 
 10/08  20:00:00,0.0,0.0,10856.941107659915 
 10/08  21:00:00,0.0,0.0,8428.072593938568 
 10/08  22:00:00,0.0,0.0,7979.515682895842 
 10/08  23:00:00,0.0,0.0,7943.407181090675 
 10/08  24:00:00,0.0,0.0,7915.20958800906 
 10/09  01:00:00,0.0,0.0,7120.5915495956 
 10/09  02:00:00,0.0,0.0,7209.060658572204 
 10/09  03:00:00,0.0,0.0,7156.0524311713125 
 10/09  04:00:00,0.0,0.0,7082.27549654003 
 10/09  05:00:00,0.0,0.0,7004.165349128461 
 10/09  06:00:00,66.53449481871378,25.4884997257103,7131.557591274628 
 10/09  07:00:00,452.61266859575746,164.12362015131155,7521.2229145925885 
 10/09  08:00:00,464.48796338299845,281.7826337365514,20824.87459793616 
 10/09  09:00:00,544.0091554061902,335.86170310201006,73756.13269972452 
 10/09  10:00:00,507.15566147213988,320.9048397737573,105930.40578041096 
 10/09  11:00:00,414.3399186300737,270.44355419442118,114656.41314901097 
 10/09  12:00:00,351.7800895144547,234.28107694534766,152615.40390270897 
 10/09  13:00:00,347.81435389731049,228.50767608777134,144445.8509896216 
 10/09  14:00:00,350.0903489143232,222.77659339647395,168170.7957751843 
 10/09  15:00:00,294.4568344649087,182.09138942075507,147194.30467866807 
 10/09  16:00:00,197.78168714072459,122.36150266822881,149761.6536268493 
 10/09  17:00:00,82.02743608898031,51.37123451825633,125507.83279368289 
 10/09  18:00:00,7.747073523818517,4.8252175974916728,111275.59807797359 
 10/09  19:00:00,0.0,0.0,66395.64673134801 
 10/09  20:00:00,0.0,0.0,32350.15317562237 
 10/09  21:00:00,0.0,0.0,8656.830151107755 
 10/09  22:00:00,0.0,0.0,8394.976009909158 
 10/09  23:00:00,0.0,0.0,8304.569351438606 
 10/09  24:00:00,0.0,0.0,8258.633443928307 
 10/10  01:00:00,0.0,0.0,8229.035587689104 
 10/10  02:00:00,0.0,0.0,8203.793163465934 
 10/10  03:00:00,0.0,0.0,8174.521310340281 
 10/10  04:00:00,0.0,0.0,8125.456259642415 
 10/10  05:00:00,0.0,0.0,8006.01816211523 
 10/10  06:00:00,35.5088488156163,15.025410957348632,8027.041098091223 
 10/10  07:00:00,210.73816492360457,90.64009439711539,8195.323882729324 
 10/10  08:00:00,264.0415400093506,164.63538623474498,25401.093808891106 
 10/10  09:00:00,399.56762703512688,251.17608518252997,81059.40467789503 
 10/10  10:00:00,420.35068273479507,269.46545347943819,113668.28831425817 
 10/10  11:00:00,373.5949839165714,245.46547395339383,135718.55638765024 
 10/10  12:00:00,302.9158706373947,202.54723243303614,171932.80738964678 
 10/10  13:00:00,326.15503831041857,214.12971363407528,172176.8923566023 
 10/10  14:00:00,343.1824438320244,218.0331640015977,172376.13604443617 
 10/10  15:00:00,321.14474092262858,198.49771312570673,178799.15024260965 
 10/10  16:00:00,244.44816215549774,148.80635380370425,145204.01779587699 
 10/10  17:00:00,126.18871633023126,76.34547845800815,83762.77910763545 
 10/10  18:00:00,13.32045066301309,7.950082799496066,52929.779003129224 
 10/10  19:00:00,0.0,0.0,23338.911972433027 
 10/10  20:00:00,0.0,0.0,9365.682073321525 
 10/10  21:00:00,0.0,0.0,8908.760575751769 
 10/10  22:00:00,0.0,0.0,8464.123618059764 
 10/10  23:00:00,0.0,0.0,8432.466512968485 
 10/10  24:00:00,0.0,0.0,8395.131578654298 
 10/11  01:00:00,0.0,0.0,8344.516751920219 
 10/11  02:00:00,0.0,0.0,8283.973074893398 
 10/11  03:00:00,0.0,0.0,8244.031929203144 
 10/11  04:00:00,0.0,0.0,8217.444576781325 
 10/11  05:00:00,0.0,0.0,8191.053849850247 
 10/11  06:00:00,41.46398114585497,16.843672273118537,8212.638669889111 
 10/11  07:00:00,250.97565012788605,103.97982115795374,8318.639162268935 
 10/11  08:00:00,300.18884590001405,187.53879641494712,23844.941872967025 
 10/11  09:00:00,383.85868139706857,241.2849108754932,114448.10334656855 
 10/11  10:00:00,390.59456957174049,250.33129704901445,148920.25597647075 
 10/11  11:00:00,362.5214570513604,237.70148413327375,167482.7937966199 
 10/11  12:00:00,342.06118210298998,227.0409626380747,169462.73784741466 
 10/11  13:00:00,329.7159697124205,216.97181985717564,172214.68894950144 
 10/11  14:00:00,313.4531560886756,200.91886491915046,184391.56150986497 
 10/11  15:00:00,273.9551684401817,171.94689660490998,180401.53275720255 
 10/11  16:00:00,193.91205782626239,120.28457812043239,182044.1450029692 
 10/11  17:00:00,92.5021473469393,56.92460409808007,168454.46572894808 
 10/11  18:00:00,9.421809751104002,5.743815682856426,88505.85203977418 
 10/11  19:00:00,0.0,0.0,63660.93665239619 
 10/11  20:00:00,0.0,0.0,45720.00231697888 
 10/11  21:00:00,0.0,0.0,8469.398074218532 
 10/11  22:00:00,0.0,0.0,8423.894726082908 
 10/11  23:00:00,0.0,0.0,8382.4263712918 
 10/11  24:00:00,0.0,0.0,8335.936121752626 
 10/12  01:00:00,0.0,0.0,8264.511717651383 
 10/12  02:00:00,0.0,0.0,8186.135222060075 
 10/12  03:00:00,0.0,0.0,8152.346726304557 
 10/12  04:00:00,0.0,0.0,8188.770379961229 
 10/12  05:00:00,0.0,0.0,8226.176591605361 
 10/12  06:00:00,38.85803449354985,16.033595823447809,8260.891523403945 
 10/12  07:00:00,242.9072225363183,101.72134633392683,8331.120137556709 
 10/12  08:00:00,306.83281919337886,191.87085023483997,29224.685340325046 
 10/12  09:00:00,395.71536535948845,248.73095670661975,92036.87287683533 
 10/12  10:00:00,400.9459563309559,256.9306601424848,150659.9590590146 
 10/12  11:00:00,366.057782019132,240.10971271285454,149064.83924245466 
 10/12  12:00:00,336.1858958622565,222.98439779995148,151911.01684419963 
 10/12  13:00:00,317.64964176802547,208.70063325886145,161246.28561322523 
 10/12  14:00:00,298.94874855712819,191.84982419831605,168624.99140850086 
 10/12  15:00:00,260.1483658838749,163.3795397229454,148984.69100767835 
 10/12  16:00:00,187.6689599556081,116.80313147920335,131967.6763847257 
 10/12  17:00:00,87.69616397413141,54.28262623594816,122254.06469989226 
 10/12  18:00:00,8.687061425996872,5.319063141191795,56022.65632710729 
 10/12  19:00:00,0.0,0.0,29689.97272809756 
 10/12  20:00:00,0.0,0.0,18675.157824689173 
 10/12  21:00:00,0.0,0.0,13467.812602408218 
 10/12  22:00:00,0.0,0.0,8283.892801662207 
 10/12  23:00:00,0.0,0.0,8186.292397688251 
 10/12  24:00:00,0.0,0.0,8118.627805074569 
 10/13  01:00:00,0.0,0.0,8108.414351134211 
 10/13  02:00:00,0.0,0.0,8111.490549122773 
 10/13  03:00:00,0.0,0.0,8114.530081733615 
 10/13  04:00:00,0.0,0.0,8108.593200076921 
 10/13  05:00:00,0.0,0.0,8102.801054807721 
 10/13  06:00:00,41.544730304020209,16.825989195603535,8132.4947235813825 
 10/13  07:00:00,250.97797589445566,103.74278836622584,8241.252406074957 
 10/13  08:00:00,300.4634430220242,187.75247040129316,8386.178892149743 
 10/13  09:00:00,394.223486512263,247.78910840042466,58373.32596806306 
 10/13  10:00:00,403.9185307911282,258.8309251931543,82976.19788644194 
 10/13  11:00:00,368.7353857976611,241.9181750349528,93944.89571905507 
 10/13  12:00:00,340.0670715112641,225.79550714498382,84461.18877005419 
 10/13  13:00:00,324.741719377424,213.58844008337699,64054.98782280532 
 10/13  14:00:00,309.85814778634298,198.89262129936484,57461.95577778094 
 10/13  15:00:00,268.9939050137287,168.8463191578374,57597.390666200845 
 10/13  16:00:00,192.9869544371536,119.56891873698636,51791.22756704006 
 10/13  17:00:00,89.87474154444472,55.37931159843893,42198.67781425165 
 10/13  18:00:00,8.913920844574717,5.435982266507357,36060.23411647522 
 10/13  19:00:00,0.0,0.0,28645.982240586793 
 10/13  20:00:00,0.0,0.0,12673.554153552186 
 10/13  21:00:00,0.0,0.0,12506.713688496066 
 10/13  22:00:00,0.0,0.0,8685.216597772394 
 10/13  23:00:00,0.0,0.0,8440.739820521716 
 10/13  24:00:00,0.0,0.0,8353.710354973944 
 10/14  01:00:00,0.0,0.0,8315.414280718469 
 10/14  02:00:00,0.0,0.0,8289.238247563495 
 10/14  03:00:00,0.0,0.0,8246.859084180114 
 10/14  04:00:00,0.0,0.0,8179.383226609921 
 10/14  05:00:00,0.0,0.0,8109.065509503482 
 10/14  06:00:00,48.51905010461143,19.653178092360318,8111.316319924202 
 10/14  07:00:00,325.68919165698119,126.6295602907266,8259.04847451101 
 10/14  08:00:00,389.2946391804415,241.58062230455298,8451.350061832085 
 10/14  09:00:00,459.1263752240775,287.06757252441965,8598.56655707085 
 10/14  10:00:00,434.2345521636133,277.5676197446025,8663.293330222808 
 10/14  11:00:00,370.0233439104696,242.96067378349549,8686.626764257357 
 10/14  12:00:00,298.238877040131,199.43092164775843,8698.547813249837 
 10/14  13:00:00,292.48619227166867,192.33112883695527,8712.807901043745 
 10/14  14:00:00,317.729248923693,201.77128324229126,8723.48175621257 
 10/14  15:00:00,279.81664736870439,172.91426945804123,8710.131609752003 
 10/14  16:00:00,215.9159849175859,131.5411280431869,8676.09148571147 
 10/14  17:00:00,117.6410742506594,71.24207956978957,8636.647588748756 
 10/14  18:00:00,12.166580181400283,7.271852059833798,8593.257624281605 
 10/14  19:00:00,0.0,0.0,8532.398273096724 
 10/14  20:00:00,0.0,0.0,8459.3707691275 
 10/14  21:00:00,0.0,0.0,8396.999695602613 
 10/14  22:00:00,0.0,0.0,8338.671636136662 
 10/14  23:00:00,0.0,0.0,8283.453548099897 
 10/14  24:00:00,0.0,0.0,8249.48180339458 
 10/15  01:00:00,0.0,0.0,8225.546450565656 
 10/15  02:00:00,0.0,0.0,8198.738858326364 
 10/15  03:00:00,0.0,0.0,8172.588845515321 
 10/15  04:00:00,0.0,0.0,8126.626716414539 
 10/15  05:00:00,0.0,0.0,8028.576380539323 
 10/15  06:00:00,62.61476831996746,24.755695361004599,8067.471428244587 
 10/15  07:00:00,433.04809123781919,160.53491514590278,8205.86897046335 
 10/15  08:00:00,462.077825312163,280.1687788423655,30501.510357046936 
 10/15  09:00:00,532.5151878369442,329.5290923583905,79643.60946546575 
 10/15  10:00:00,483.2835017518071,306.5277165470828,129513.34022423167 
 10/15  11:00:00,360.7649489039359,236.35347765071084,125005.53940805928 
 10/15  12:00:00,326.02687148671637,217.54835307385296,165396.74074968554 
 10/15  13:00:00,332.32557235686348,218.25861083366338,165993.89124166408 
 10/15  14:00:00,348.2303427572092,221.70651197693756,179452.16453268767 
 10/15  15:00:00,315.730899569066,195.22331935527954,186795.54949035403 
 10/15  16:00:00,215.89971997303852,131.54265150339834,173779.36384931598 
 10/15  17:00:00,96.60164864941703,58.89691155992406,154401.59970383725 
 10/15  18:00:00,10.055890132139913,6.081005709596968,56084.71705912377 
 10/15  19:00:00,0.0,0.0,27750.86638878753 
 10/15  20:00:00,0.0,0.0,11551.389342241559 
 10/15  21:00:00,0.0,0.0,8971.318346758744 
 10/15  22:00:00,0.0,0.0,8512.732585114767 
 10/15  23:00:00,0.0,0.0,8456.188192668 
 10/15  24:00:00,0.0,0.0,8408.687251218389 
 10/16  01:00:00,0.0,0.0,8370.79817437025 
 10/16  02:00:00,0.0,0.0,8330.51719145657 
 10/16  03:00:00,0.0,0.0,8282.431144656843 
 10/16  04:00:00,0.0,0.0,8210.857658236133 
 10/16  05:00:00,0.0,0.0,8131.599460453846 
 10/16  06:00:00,86.51670174246503,32.115443942988118,8130.9886953761015 
 10/16  07:00:00,597.8941964826622,193.8958715341669,8274.23666061318 
 10/16  08:00:00,520.4441720015598,304.9717935296845,21474.155630108926 
 10/16  09:00:00,563.7103139505888,344.31860369499869,107591.10119039794 
 10/16  10:00:00,512.6224732636693,323.59741336926387,138111.87871650738 
 10/16  11:00:00,411.9263444450258,268.7903136030889,146875.41335934585 
 10/16  12:00:00,342.46201776769359,228.15429577064834,169969.56704959926 
 10/16  13:00:00,338.3907511214457,222.25167235294817,162536.1550201738 
 10/16  14:00:00,350.71285814992219,223.55911899180749,184077.5833204377 
 10/16  15:00:00,325.90545411188966,202.55656196120627,175259.9406437628 
 10/16  16:00:00,275.24357123072658,167.6009705524341,172252.9252577582 
 10/16  17:00:00,152.5646584841788,91.0228982787521,149036.26083030599 
 10/16  18:00:00,15.372744088962009,8.958208515706895,111352.11176963976 
 10/16  19:00:00,0.0,0.0,68787.74204007352 
 10/16  20:00:00,0.0,0.0,37319.46860568341 
 10/16  21:00:00,0.0,0.0,8631.752371345947 
 10/16  22:00:00,0.0,0.0,8461.19287288078 
 10/16  23:00:00,0.0,0.0,8373.216443978941 
 10/16  24:00:00,0.0,0.0,8317.002145360902 
 10/17  01:00:00,0.0,0.0,8298.247902293799 
 10/17  02:00:00,0.0,0.0,8289.674384297048 
 10/17  03:00:00,0.0,0.0,8278.668139916643 
 10/17  04:00:00,0.0,0.0,8257.080350041017 
 10/17  05:00:00,0.0,0.0,8229.976135786803 
 10/17  06:00:00,45.233059472660197,18.119735912008268,8251.59399438826 
 10/17  07:00:00,275.6633551000659,111.07406643913919,8358.191909538424 
 10/17  08:00:00,317.44004765704156,198.51713731941826,25621.691837318092 
 10/17  09:00:00,426.63196337875476,268.0726711834465,110699.8868526676 
 10/17  10:00:00,435.19685728663628,277.755842484343,137312.50755011707 
 10/17  11:00:00,366.827416158761,240.63691747345505,157059.4727322197 
 10/17  12:00:00,328.2593564132553,218.83761633260907,183981.31319210449 
 10/17  13:00:00,315.1041027035148,207.49793125537364,179915.13791745707 
 10/17  14:00:00,307.61064236501945,197.18736205532435,176236.79281326195 
 10/17  15:00:00,271.46730785038678,169.06055727359687,182571.96556250705 
 10/17  16:00:00,201.1905525878905,122.70137367354626,153544.2826718399 
 10/17  17:00:00,105.90400647413263,64.31902020998743,95748.01119684028 
 10/17  18:00:00,10.227191412060549,6.139358881519546,52991.96530060836 
 10/17  19:00:00,0.0,0.0,23519.236353581142 
 10/17  20:00:00,0.0,0.0,9416.641312060585 
 10/17  21:00:00,0.0,0.0,8955.307504853228 
 10/17  22:00:00,0.0,0.0,8488.361331105423 
 10/17  23:00:00,0.0,0.0,8438.372131072894 
 10/17  24:00:00,0.0,0.0,8385.608278314818 
 10/18  01:00:00,0.0,0.0,8336.151917346457 
 10/18  02:00:00,0.0,0.0,8288.518081179542 
 10/18  03:00:00,0.0,0.0,8243.336497940174 
 10/18  04:00:00,0.0,0.0,8210.975379030042 
 10/18  05:00:00,0.0,0.0,8174.648004151448 
 10/18  06:00:00,42.18116517755099,17.225475783892589,8204.663091231116 
 10/18  07:00:00,259.3612537222031,106.32080657079392,8335.070023957785 
 10/18  08:00:00,313.4787304974533,196.0151049285423,23950.030102026954 
 10/18  09:00:00,420.20744706218269,264.17119024873269,118792.65265997646 
 10/18  10:00:00,432.36422611385975,275.9729387885277,152961.04113660754 
 10/18  11:00:00,360.124181971064,235.89763653932787,167367.70285975224 
 10/18  12:00:00,296.48977088495686,198.29767944850833,168257.66209860997 
 10/18  13:00:00,305.4469903299541,200.63619433851387,171238.85445148702 
 10/18  14:00:00,324.46168803897498,206.01300038443393,184063.6464835274 
 10/18  15:00:00,272.0368501845953,168.3243025606356,182930.73480056218 
 10/18  16:00:00,195.7669940398537,120.02145070268641,185963.48921937173 
 10/18  17:00:00,89.08948271587671,54.46318036456547,172572.98323311789 
 10/18  18:00:00,9.383983666046549,5.689511721419298,88767.53690663625 
 10/18  19:00:00,0.0,0.0,63464.13325528823 
 10/18  20:00:00,0.0,0.0,45077.577679526854 
 10/18  21:00:00,0.0,0.0,8288.948832078375 
 10/18  22:00:00,0.0,0.0,8234.797981686357 
 10/18  23:00:00,0.0,0.0,8192.110845021927 
 10/18  24:00:00,0.0,0.0,8135.078029514255 
 10/19  01:00:00,0.0,0.0,8066.9988807084665 
 10/19  02:00:00,0.0,0.0,7998.94827077751 
 10/19  03:00:00,0.0,0.0,7951.4507996075035 
 10/19  04:00:00,0.0,0.0,7948.319926541305 
 10/19  05:00:00,0.0,0.0,7959.664247459903 
 10/19  06:00:00,29.69921061147581,13.124830327363148,7971.696669962165 
 10/19  07:00:00,185.78436091690655,82.94739972206513,7978.067129516727 
 10/19  08:00:00,259.43281251478177,162.04421685726829,27760.461721014766 
 10/19  09:00:00,325.41153157240526,204.75325419429434,69666.06108257747 
 10/19  10:00:00,336.3707973996283,215.84774613556253,135362.82706757569 
 10/19  11:00:00,318.19726968474796,208.51236169490449,133868.85275608928 
 10/19  12:00:00,299.9068195059903,198.36971724564357,136865.27996918388 
 10/19  13:00:00,283.1208465458535,185.7956282119013,147864.3817157396 
 10/19  14:00:00,266.31686252183007,171.0267033689037,154274.8043128315 
 10/19  15:00:00,246.61696807388896,155.00493012351587,124949.85561706865 
 10/19  16:00:00,177.41703390395495,110.43803470113382,110518.30536308077 
 10/19  17:00:00,83.69354522268978,51.45760009062575,104984.5782487975 
 10/19  18:00:00,8.612964281061777,5.233992132875497,54843.09161050973 
 10/19  19:00:00,0.0,0.0,28940.104610011243 
 10/19  20:00:00,0.0,0.0,18277.987141280788 
 10/19  21:00:00,0.0,0.0,13185.009861075241 
 10/19  22:00:00,0.0,0.0,8130.0058709776595 
 10/19  23:00:00,0.0,0.0,8096.915347264461 
 10/19  24:00:00,0.0,0.0,8074.250138980864 
 10/20  01:00:00,0.0,0.0,8061.419234087015 
 10/20  02:00:00,0.0,0.0,8047.548945992933 
 10/20  03:00:00,0.0,0.0,8050.630209488171 
 10/20  04:00:00,0.0,0.0,8084.122645546428 
 10/20  05:00:00,0.0,0.0,8127.288144417363 
 10/20  06:00:00,24.33006969210271,11.678935356712893,8153.579212019726 
 10/20  07:00:00,143.42703628186758,69.39094360701312,8147.399838198276 
 10/20  08:00:00,233.6091936991933,145.5846465738713,8150.656014110365 
 10/20  09:00:00,327.6982050557301,206.12203950255216,35267.89613983489 
 10/20  10:00:00,358.52037568486255,229.82134707781015,51211.08218808524 
 10/20  11:00:00,354.0078790437046,232.22627956325037,61648.13558051347 
 10/20  12:00:00,334.97587284487119,222.86759680675429,57497.441008535716 
 10/20  13:00:00,296.88038154999216,195.10306380007806,53632.29267080358 
 10/20  14:00:00,326.56774910375858,207.28953413897083,45248.80606865584 
 10/20  15:00:00,270.93601925247409,167.5205366590856,46959.42252591308 
 10/20  16:00:00,190.83948943685983,117.26664716308874,42593.99376354284 
 10/20  17:00:00,81.62081253050019,50.32633340857796,34483.9036363127 
 10/20  18:00:00,7.652887093207592,4.668819802796915,33120.57270255325 
 10/20  19:00:00,0.0,0.0,27644.340810051584 
 10/20  20:00:00,0.0,0.0,10910.898703171455 
 10/20  21:00:00,0.0,0.0,11056.697730463906 
 10/20  22:00:00,0.0,0.0,8702.589463407818 
 10/20  23:00:00,0.0,0.0,8459.69249413556 
 10/20  24:00:00,0.0,0.0,8376.238871898046 
 10/21  01:00:00,0.0,0.0,8305.492641993798 
 10/21  02:00:00,0.0,0.0,8242.618670456743 
 10/21  03:00:00,0.0,0.0,8191.090456536132 
 10/21  04:00:00,0.0,0.0,8143.8159409095315 
 10/21  05:00:00,0.0,0.0,8098.592745954486 
 10/21  06:00:00,24.198411760217068,11.238816704283805,8041.969733714474 
 10/21  07:00:00,139.6060081949264,65.20413377270875,7993.862721524067 
 10/21  08:00:00,223.9492694204383,139.05148250609833,8000.1400189726155 
 10/21  09:00:00,382.9589043854999,239.0384386939758,8089.9439401442605 
 10/21  10:00:00,450.51777159648079,283.28536920409558,8261.784827642647 
 10/21  11:00:00,415.98900857274477,267.9272113517996,8451.331535823874 
 10/21  12:00:00,352.5111210745045,231.03468368176747,8563.832691839852 
 10/21  13:00:00,305.2125312734552,198.15117071728924,8591.911934716467 
 10/21  14:00:00,302.4481937233298,192.78488615279927,8582.5271465416 
 10/21  15:00:00,262.3423196342168,163.40717370393296,8579.708241368175 
 10/21  16:00:00,186.11152812428626,114.429324173166,8589.672146946055 
 10/21  17:00:00,86.61309395795064,52.90325984708869,8587.385094918041 
 10/21  18:00:00,8.791327064808137,5.327982719526187,8559.914346848227 
 10/21  19:00:00,0.0,0.0,8511.68415187961 
 10/21  20:00:00,0.0,0.0,8461.68339576562 
 10/21  21:00:00,0.0,0.0,8420.448614643241 
 10/21  22:00:00,0.0,0.0,8374.25042224846 
 10/21  23:00:00,0.0,0.0,8323.018658755194 
 10/21  24:00:00,0.0,0.0,8274.523857098658 
 10/22  01:00:00,0.0,0.0,8230.025913527394 
 10/22  02:00:00,0.0,0.0,8161.303725352369 
 10/22  03:00:00,0.0,0.0,8049.869270648644 
 10/22  04:00:00,0.0,0.0,7952.171018532226 
 10/22  05:00:00,0.0,0.0,7804.972688408375 
 10/22  06:00:00,57.77274512028595,22.052000518569803,7750.244933239798 
 10/22  07:00:00,412.8392225879247,145.54135313976676,7772.231995223311 
 10/22  08:00:00,428.7020774220186,257.6069404240514,29608.377035358146 
 10/22  09:00:00,499.75056564928379,306.4497096630035,63908.04941577179 
 10/22  10:00:00,477.6221118647065,299.42579160561407,104729.45520104394 
 10/22  11:00:00,407.42034763121156,262.49665567952777,105935.218768109 
 10/22  12:00:00,346.6370115567947,227.1861672022901,149664.07758072407 
 10/22  13:00:00,318.8414295883034,206.81334715126347,153282.21214657188 
 10/22  14:00:00,293.53814793850469,185.54094021229967,175542.8361139846 
 10/22  15:00:00,262.3346511286498,162.4417648542852,183317.41379435463 
 10/22  16:00:00,186.0395459828408,114.15525584533872,168260.23546972793 
 10/22  17:00:00,85.0353440267969,51.97496929905324,148684.20472013727 
 10/22  18:00:00,8.533841954458455,5.178289720875602,55089.86809647167 
 10/22  19:00:00,0.0,0.0,27211.33937659438 
 10/22  20:00:00,0.0,0.0,11373.069773280573 
 10/22  21:00:00,0.0,0.0,8842.516690243612 
 10/22  22:00:00,0.0,0.0,8377.935670798443 
 10/22  23:00:00,0.0,0.0,8328.107941496759 
 10/22  24:00:00,0.0,0.0,8277.121162519603 
 10/23  01:00:00,0.0,0.0,8229.878507353795 
 10/23  02:00:00,0.0,0.0,8184.236658144665 
 10/23  03:00:00,0.0,0.0,8104.518637783515 
 10/23  04:00:00,0.0,0.0,8056.965133553403 
 10/23  05:00:00,0.0,0.0,8020.115006498304 
 10/23  06:00:00,54.08393830331398,21.879516460318049,8077.745900922621 
 10/23  07:00:00,389.3326703774604,144.54466352774595,8227.727679004149 
 10/23  08:00:00,433.64611748060789,260.49854957275326,21208.32400439985 
 10/23  09:00:00,510.10501490367047,312.39713677898859,93683.29047999946 
 10/23  10:00:00,481.1257031646121,301.542905882659,124692.69632413198 
 10/23  11:00:00,406.98356780152155,262.127318552411,132794.26084830994 
 10/23  12:00:00,360.3876092941753,236.2035013481694,162461.24920699694 
 10/23  13:00:00,355.71236987124805,231.45515713724059,154379.6796721487 
 10/23  14:00:00,351.4055771554215,223.76014762556285,176145.83989163597 
 10/23  15:00:00,312.7371418694588,194.18461256138586,162657.58933912716 
 10/23  16:00:00,228.24359528340697,139.3513977169878,163246.1559459168 
 10/23  17:00:00,108.7779032245362,65.97309977665562,140624.81620522953 
 10/23  18:00:00,10.397545178456526,6.23136028252993,111580.5338748294 
 10/23  19:00:00,0.0,0.0,68475.39298535719 
 10/23  20:00:00,0.0,0.0,36441.08134881053 
 10/23  21:00:00,0.0,0.0,8699.193845443622 
 10/23  22:00:00,0.0,0.0,8488.25588262707 
 10/23  23:00:00,0.0,0.0,8409.31601756436 
 10/23  24:00:00,0.0,0.0,8363.94201672064 
 10/24  01:00:00,0.0,0.0,8338.164559000741 
 10/24  02:00:00,0.0,0.0,8326.001317856731 
 10/24  03:00:00,0.0,0.0,8332.74349876795 
 10/24  04:00:00,0.0,0.0,8363.552324496288 
 10/24  05:00:00,0.0,0.0,8399.317163160475 
 10/24  06:00:00,32.7957869925599,13.995703322293745,8402.161034451065 
 10/24  07:00:00,204.6488927007756,86.71854078959255,8371.49985120493 
 10/24  08:00:00,276.74462940787557,171.93951043322248,25152.15526025591 
 10/24  09:00:00,399.8138651505952,249.2989046476359,90441.14413016495 
 10/24  10:00:00,447.57241096366519,281.42885750366147,121758.70536069962 
 10/24  11:00:00,406.75447555969137,261.98449130385577,146417.60139837559 
 10/24  12:00:00,350.68251601710036,229.76423686996623,180350.80302461983 
 10/24  13:00:00,335.48474819818406,217.59942522907989,178264.02969382113 
 10/24  14:00:00,332.6718746222081,210.4290532208213,175539.32262971626 
 10/24  15:00:00,300.66387336474198,185.81301584859549,181182.4846101375 
 10/24  16:00:00,221.4401768845929,134.988614719617,149629.93068053408 
 10/24  17:00:00,107.21274488588098,65.00920015522192,89332.42288893479 
 10/24  18:00:00,10.119912316573809,6.057474799701204,52681.400675642835 
 10/24  19:00:00,0.0,0.0,23414.83733403441 
 10/24  20:00:00,0.0,0.0,9433.420412555199 
 10/24  21:00:00,0.0,0.0,9006.052205776492 
 10/24  22:00:00,0.0,0.0,8567.356785256292 
 10/24  23:00:00,0.0,0.0,8538.34352397292 
 10/24  24:00:00,0.0,0.0,8502.84023191155 
 10/25  01:00:00,0.0,0.0,8470.40923934024 
 10/25  02:00:00,0.0,0.0,8435.191015591103 
 10/25  03:00:00,0.0,0.0,8392.487088366644 
 10/25  04:00:00,0.0,0.0,8354.901015454952 
 10/25  05:00:00,0.0,0.0,8322.25254697275 
 10/25  06:00:00,52.228981534278037,21.82120693701221,8332.18102542217 
 10/25  07:00:00,377.6656381288448,143.39835994850538,8425.827322770232 
 10/25  08:00:00,426.85067930787667,257.75749376000479,24032.060390815725 
 10/25  09:00:00,502.6978143920656,308.84370459184125,118740.73777384445 
 10/25  10:00:00,474.92607883718576,297.91479794785149,152065.37092050105 
 10/25  11:00:00,386.4072366383136,248.98333702769677,166783.6570579902 
 10/25  12:00:00,329.33161059473448,216.46218485324438,167687.15332400695 
 10/25  13:00:00,320.1608905217245,208.81259248582334,170473.51821152782 
 10/25  14:00:00,294.3654303611673,187.98096385243458,182927.6891526815 
 10/25  15:00:00,255.81576651431454,159.99694111114938,179987.07859396933 
 10/25  16:00:00,184.90479938598888,113.15032947867336,182792.11159027753 
 10/25  17:00:00,91.79642067995586,55.87162355082728,169956.039235762 
 10/25  18:00:00,5.774717870948201,3.4945490266945158,88632.31097322518 
 10/25  19:00:00,0.0,0.0,63697.631081688836 
 10/25  20:00:00,0.0,0.0,45634.444502494436 
 10/25  21:00:00,0.0,0.0,8441.636911130126 
 10/25  22:00:00,0.0,0.0,8360.60648028618 
 10/25  23:00:00,0.0,0.0,8268.093674575919 
 10/25  24:00:00,0.0,0.0,8198.411390345358 
 10/26  01:00:00,0.0,0.0,8166.598207811119 
 10/26  02:00:00,0.0,0.0,8141.9543295289695 
 10/26  03:00:00,0.0,0.0,8115.195220457962 
 10/26  04:00:00,0.0,0.0,8090.94451554156 
 10/26  05:00:00,0.0,0.0,8070.252519698993 
 10/26  06:00:00,25.074972993277965,11.566899204269939,8070.236990802866 
 10/26  07:00:00,161.22207960457056,73.59324758308901,8102.905976889441 
 10/26  08:00:00,250.3656557708017,155.58756667523336,28153.619683578872 
 10/26  09:00:00,309.0839887799055,193.22714935170294,71263.79962975334 
 10/26  10:00:00,323.06196873959558,205.76308819863278,132559.01159243167 
 10/26  11:00:00,315.0739800076872,204.70063693700647,127187.42982005827 
 10/26  12:00:00,316.99586742206096,208.0464289105455,130010.5227211202 
 10/26  13:00:00,312.5433337391874,203.72456699429996,144651.0953708906 
 10/26  14:00:00,296.90837217367047,189.6305653154409,154931.83782947609 
 10/26  15:00:00,257.1089855672236,160.15154924726017,128980.91018145676 
 10/26  16:00:00,181.5641058810096,111.37053803168694,114672.783035625 
 10/26  17:00:00,88.20854510767863,53.72887571190071,110033.06477926711 
 10/26  18:00:00,5.51143516502291,3.338921125119024,55210.823905543424 
 10/26  19:00:00,0.0,0.0,29115.695084692023 
 10/26  20:00:00,0.0,0.0,18358.359593475994 
 10/26  21:00:00,0.0,0.0,13239.82430582887 
 10/26  22:00:00,0.0,0.0,8171.251639326368 
 10/26  23:00:00,0.0,0.0,8146.102436776514 
 10/26  24:00:00,0.0,0.0,8121.897171983423 
 10/27  01:00:00,0.0,0.0,8113.261285918093 
 10/27  02:00:00,0.0,0.0,8107.684813476814 
 10/27  03:00:00,0.0,0.0,8101.697349206815 
 10/27  04:00:00,0.0,0.0,8077.073814198934 
 10/27  05:00:00,0.0,0.0,8044.77192379055 
 10/27  06:00:00,27.051048800426526,12.047008246280584,8048.328320069657 
 10/27  07:00:00,180.76894381439454,80.00810979695749,8119.83128016978 
 10/27  08:00:00,273.89021476186846,170.23768765049386,8215.648140521605 
 10/27  09:00:00,356.81089025883179,222.81282459617604,42092.29876466311 
 10/27  10:00:00,366.1120140542698,232.77507500320292,62272.815398333325 
 10/27  11:00:00,345.30268593132407,224.25365715961198,73138.47453272334 
 10/27  12:00:00,329.90322809175339,216.64112446857167,66116.81584789555 
 10/27  13:00:00,313.67228773940016,204.4236230454926,57139.82332847991 
 10/27  14:00:00,292.15449246767528,186.56363057635259,49895.10246275636 
 10/27  15:00:00,241.02397760541749,151.17995190285448,50681.67267812998 
 10/27  16:00:00,154.33958915413934,96.52001309551868,45630.60786695149 
 10/27  17:00:00,58.69033489491852,37.07793430342763,36902.97530932003 
 10/27  18:00:00,3.19745631001879,2.006372398560361,33819.97698852846 
 10/27  19:00:00,0.0,0.0,27770.38105221857 
 10/27  20:00:00,0.0,0.0,11062.633079733807 
 10/27  21:00:00,0.0,0.0,10955.273676678024 
 10/27  22:00:00,0.0,0.0,8646.261853587337 
 10/27  23:00:00,0.0,0.0,8408.557375136563 
 10/27  24:00:00,0.0,0.0,8302.818209354731 
 10/28  01:00:00,0.0,0.0,8229.117952458098 
 10/28  02:00:00,0.0,0.0,8155.692450812105 
 10/28  03:00:00,0.0,0.0,8103.955485698301 
 10/28  04:00:00,0.0,0.0,8084.51872053566 
 10/28  05:00:00,0.0,0.0,8068.987153643028 
 10/28  06:00:00,51.944213902257647,21.144137426810035,8107.265185970779 
 10/28  07:00:00,358.11245030895545,132.8538721269306,8237.749885696829 
 10/28  08:00:00,353.72729450212247,217.96908250506116,8393.714469052728 
 10/28  09:00:00,424.1616236993311,263.3307403048232,8517.815699425544 
 10/28  10:00:00,404.31078629638867,256.8323852418675,8583.911443923806 
 10/28  11:00:00,362.63925369635219,235.49771855543546,8624.090304902058 
 10/28  12:00:00,329.89190578157487,216.60362557198696,8642.74890044074 
 10/28  13:00:00,308.320439580883,200.86537181803639,8654.779390860094 
 10/28  14:00:00,285.65064854067335,182.40869320052617,8651.26313413968 
 10/28  15:00:00,240.40896286057115,150.78277023212528,8625.317671930616 
 10/28  16:00:00,157.91203590686676,98.65963380205518,8577.126260527672 
 10/28  17:00:00,62.979095673112009,39.52761830165482,8518.947849150458 
 10/28  18:00:00,3.4737456950088476,2.1593117731915547,8465.287523056793 
 10/28  19:00:00,0.0,0.0,8424.704554347212 
 10/28  20:00:00,0.0,0.0,8376.001446059134 
 10/28  21:00:00,0.0,0.0,8331.376442298348 
 10/28  22:00:00,0.0,0.0,8276.054186556352 
 10/28  23:00:00,0.0,0.0,8210.787196820545 
 10/28  24:00:00,0.0,0.0,8155.856863980796 
 10/29  01:00:00,0.0,0.0,8048.820390104315 
 10/29  02:00:00,0.0,0.0,8000.7630257355595 
 10/29  03:00:00,0.0,0.0,7933.347655175169 
 10/29  04:00:00,0.0,0.0,7861.148160043427 
 10/29  05:00:00,0.0,0.0,7767.634948566271 
 10/29  06:00:00,47.053978714681857,19.783084747139154,7840.665701021248 
 10/29  07:00:00,323.5864596753845,122.40717394721242,8098.887870507521 
 10/29  08:00:00,316.2317626212476,195.95860826095044,30399.26378346221 
 10/29  09:00:00,373.46060749588858,233.175303169141,69804.24855444918 
 10/29  10:00:00,353.6619399003567,224.81614253033505,117061.25325153473 
 10/29  11:00:00,304.65907175000299,197.98023120127116,108518.39078704633 
 10/29  12:00:00,295.46984010448019,193.7650618424162,148156.4525010689 
 10/29  13:00:00,279.0599130281323,181.7189736506854,146889.49336106299 
 10/29  14:00:00,257.4168394277149,164.46081867952396,170193.0309897048 
 10/29  15:00:00,228.21238384181576,143.34301886785026,179190.71584269327 
 10/29  16:00:00,158.0562926314012,98.71899980063489,163916.28954448927 
 10/29  17:00:00,68.60710495934109,42.58538633545471,144735.72304182405 
 10/29  18:00:00,3.8635284331062289,2.367752832005307,54104.152416426376 
 10/29  19:00:00,0.0,0.0,26584.454731335038 
 10/29  20:00:00,0.0,0.0,11095.080067454359 
 10/29  21:00:00,0.0,0.0,8630.524461485695 
 10/29  22:00:00,0.0,0.0,8193.307391244036 
 10/29  23:00:00,0.0,0.0,8175.95385492956 
 10/29  24:00:00,0.0,0.0,8157.280756760946 
 10/30  01:00:00,0.0,0.0,8007.6089633817255 
 10/30  02:00:00,0.0,0.0,7920.679475322399 
 10/30  03:00:00,0.0,0.0,7758.399411650269 
 10/30  04:00:00,0.0,0.0,7603.230390630067 
 10/30  05:00:00,0.0,0.0,7450.805600916636 
 10/30  06:00:00,65.66661575009933,24.20758461534956,7574.074445775328 
 10/30  07:00:00,451.0990450554969,152.67169099288538,7990.274056102513 
 10/30  08:00:00,417.5042041888343,251.7608404360665,21088.838527602158 
 10/30  09:00:00,439.7386489258823,271.85570817078618,90853.55421574798 
 10/30  10:00:00,416.4825158512139,263.1654330196937,121611.36655152554 
 10/30  11:00:00,366.6837618564802,238.18702420003215,129078.03540276988 
 10/30  12:00:00,309.5769366542797,203.31329193597569,161190.0685152935 
 10/30  13:00:00,290.18177951881497,188.2577490415869,156012.46641925825 
 10/30  14:00:00,286.5762069102248,181.3719661292007,179231.10431524868 
 10/30  15:00:00,251.04425964681455,156.78379142490483,163536.9269575343 
 10/30  16:00:00,162.88142521910485,101.6537941564767,159626.41518653907 
 10/30  17:00:00,62.68825648670211,39.28189058052245,134617.64768683693 
 10/30  18:00:00,3.4195222503874556,2.124497300212298,111158.8735548808 
 10/30  19:00:00,0.0,0.0,67643.02945872891 
 10/30  20:00:00,0.0,0.0,35351.137414828736 
 10/30  21:00:00,0.0,0.0,8685.392715659435 
 10/30  22:00:00,0.0,0.0,8401.551426977652 
 10/30  23:00:00,0.0,0.0,8242.141116047213 
 10/30  24:00:00,0.0,0.0,8145.309502351874 
 10/31  01:00:00,0.0,0.0,8112.705213737868 
 10/31  02:00:00,0.0,0.0,8095.104670509097 
 10/31  03:00:00,0.0,0.0,8044.110728690536 
 10/31  04:00:00,0.0,0.0,8026.690214892077 
 10/31  05:00:00,0.0,0.0,8013.01999492972 
 10/31  06:00:00,28.217392048960453,12.487006238735163,8074.693939435245 
 10/31  07:00:00,174.25203734141554,75.86659671441979,8188.892433737623 
 10/31  08:00:00,209.1383657150435,129.84510736001276,25187.29707643602 
 10/31  09:00:00,276.6449809039294,173.36894809202253,77525.24010321836 
 10/31  10:00:00,294.59698007763969,188.07310986414474,104987.52659195873 
 10/31  11:00:00,289.08634566549019,188.0558958732606,119588.64632651162 
 10/31  12:00:00,281.4155622580198,184.5966250429441,152389.57781942204 
 10/31  13:00:00,270.0489767454798,175.9383043667564,153779.5709461966 
 10/31  14:00:00,251.39007136553506,160.72174888497566,158746.03080300263 
 10/31  15:00:00,206.32670029739018,129.68372787567834,162698.07905884789 
 10/31  16:00:00,145.84193998894879,91.27293573056223,121586.95030887419 
 10/31  17:00:00,61.9360917941441,38.8036675312023,61878.05419157378 
 10/31  18:00:00,3.389590742011711,2.096588964548451,51160.930638327605 
 10/31  19:00:00,0.0,0.0,22282.135851122614 
 10/31  20:00:00,0.0,0.0,9002.092569102271 
 10/31  21:00:00,0.0,0.0,8541.548013898877 
 10/31  22:00:00,0.0,0.0,8100.142313818757 
 10/31  23:00:00,0.0,0.0,8077.8283074867495 
 10/31  24:00:00,0.0,0.0,8072.602729822538 
