Date/Time,AF305DAYLIGHTCONTROL:Daylighting Reference Point 1 Illuminance [lux](Hourly),AF305DAYLIGHTCONTROL:Daylighting Reference Point 2 Illuminance [lux](Hourly),Whole Building:Facility Total Electric Demand Power [W](Hourly) 
 04/01  01:00:00,0.0,0.0,7620.630767040252 
 04/01  02:00:00,0.0,0.0,7489.748364167768 
 04/01  03:00:00,0.0,0.0,7436.919477585925 
 04/01  04:00:00,0.0,0.0,7383.50577300822 
 04/01  05:00:00,0.0,0.0,7327.701576042108 
 04/01  06:00:00,41.27702194453163,24.838173195066589,7306.959725158929 
 04/01  07:00:00,348.0675083933684,230.80437025598043,7372.22256167628 
 04/01  08:00:00,685.1106927098522,442.1076847208576,16519.71152660465 
 04/01  09:00:00,835.9207072118842,537.8685526861734,134669.6398328345 
 04/01  10:00:00,801.5259260633289,525.1369450529957,147040.45668393168 
 04/01  11:00:00,634.9770529988008,428.22746847801678,154563.04029272326 
 04/01  12:00:00,530.8235832989167,365.5428801050043,158316.20511047095 
 04/01  13:00:00,555.013843093217,374.23703901472569,150276.5457591595 
 04/01  14:00:00,615.5587584543867,397.9980117019625,142321.22954762809 
 04/01  15:00:00,566.1604494972784,353.65157625958138,148090.41607938725 
 04/01  16:00:00,466.39997806590898,284.5460382253779,137106.20544719947 
 04/01  17:00:00,291.56829038774046,175.44771292752737,120566.25809028132 
 04/01  18:00:00,56.75152394678967,32.94295625763428,41625.48130186071 
 04/01  19:00:00,0.0,0.0,20622.774253161693 
 04/01  20:00:00,0.0,0.0,8048.559827158177 
 04/01  21:00:00,0.0,0.0,6188.8206409975355 
 04/01  22:00:00,0.0,0.0,7743.238066268562 
 04/01  23:00:00,0.0,0.0,7693.7775211347935 
 04/01  24:00:00,0.0,0.0,7680.000641569756 
 04/02  01:00:00,0.0,0.0,7668.69195417858 
 04/02  02:00:00,0.0,0.0,7653.208992587913 
 04/02  03:00:00,0.0,0.0,7637.2180366203365 
 04/02  04:00:00,0.0,0.0,7634.844816453616 
 04/02  05:00:00,0.0,0.0,7632.401125999136 
 04/02  06:00:00,37.476667925688428,22.911802343516667,7630.72320534943 
 04/02  07:00:00,297.5380735533637,199.95020635128038,7631.806943723615 
 04/02  08:00:00,581.954043333043,379.6387798385722,14376.89919116004 
 04/02  09:00:00,799.1332238577503,516.1050725242703,103889.5742346891 
 04/02  10:00:00,793.4085758600022,520.5505221495836,138194.83008806438 
 04/02  11:00:00,616.0834095616277,416.4789188114489,149631.40058230633 
 04/02  12:00:00,425.5742406541872,298.45214842209608,145059.99794116347 
 04/02  13:00:00,406.99439257734977,279.0996142993586,142681.86094603037 
 04/02  14:00:00,476.0402531590575,309.0670967729962,161564.23510839497 
 04/02  15:00:00,481.0277226211072,300.8281609824698,177821.86571186 
 04/02  16:00:00,400.2401955380392,245.6650463143665,171714.75205710787 
 04/02  17:00:00,262.5285673311853,159.99471435242359,165916.81550399538 
 04/02  18:00:00,43.64803867030128,26.165103808054075,87304.61690481898 
 04/02  19:00:00,0.0,0.0,56939.76774962491 
 04/02  20:00:00,0.0,0.0,39978.37997465254 
 04/02  21:00:00,0.0,0.0,6272.268046669947 
 04/02  22:00:00,0.0,0.0,7765.132172006885 
 04/02  23:00:00,0.0,0.0,7681.031259517281 
 04/02  24:00:00,0.0,0.0,7631.156083105201 
 04/03  01:00:00,0.0,0.0,7587.312882000894 
 04/03  02:00:00,0.0,0.0,7550.61399291001 
 04/03  03:00:00,0.0,0.0,7508.421982048788 
 04/03  04:00:00,0.0,0.0,7471.772514629291 
 04/03  05:00:00,0.0,0.0,7435.1799363867285 
 04/03  06:00:00,26.323447404880978,17.328686520720138,7425.020873436456 
 04/03  07:00:00,237.8961327305842,161.38899425196204,7487.624501053695 
 04/03  08:00:00,533.7202085280176,347.8662192378899,12863.409699319274 
 04/03  09:00:00,783.2034230749096,506.3038164182728,130374.85463024397 
 04/03  10:00:00,799.0174869240562,523.9063626377185,141824.41674708107 
 04/03  11:00:00,621.5704847665121,419.90352816004136,149388.44316288207 
 04/03  12:00:00,438.0579710779078,306.4056096738938,152064.60981785283 
 04/03  13:00:00,439.16157562159295,300.08966814984827,146604.44664969928 
 04/03  14:00:00,517.556438105184,335.48099580716515,141836.00802219148 
 04/03  15:00:00,482.05110502675719,301.5025119483441,149182.70520916602 
 04/03  16:00:00,393.2929573286622,241.97452112705188,137581.76973113919 
 04/03  17:00:00,235.53356853904959,144.37429555438335,115345.13332291809 
 04/03  18:00:00,43.72935284133728,26.224262962128397,36963.018297765804 
 04/03  19:00:00,0.0,0.0,17142.862610102766 
 04/03  20:00:00,0.0,0.0,6221.441558245283 
 04/03  21:00:00,0.0,0.0,5600.347494954167 
 04/03  22:00:00,0.0,0.0,7729.517653131992 
 04/03  23:00:00,0.0,0.0,7644.649791399043 
 04/03  24:00:00,0.0,0.0,7612.832516491931 
 04/04  01:00:00,0.0,0.0,7589.046183086736 
 04/04  02:00:00,0.0,0.0,7564.23256675816 
 04/04  03:00:00,0.0,0.0,7537.374208100486 
 04/04  04:00:00,0.0,0.0,7509.230476894895 
 04/04  05:00:00,0.0,0.0,7487.531286480341 
 04/04  06:00:00,15.922993774330826,10.464650211966108,7478.965944108803 
 04/04  07:00:00,128.21703864059325,84.38641440412288,7537.3528607884 
 04/04  08:00:00,308.0554432127797,198.41957955505095,14438.929853345457 
 04/04  09:00:00,487.083280360042,315.6009030325029,97701.03786680194 
 04/04  10:00:00,548.639615400226,360.889636421075,133711.5777160652 
 04/04  11:00:00,527.8832516033399,353.7479827897082,136355.83538302559 
 04/04  12:00:00,473.377935114695,319.54940218382429,132093.9761097978 
 04/04  13:00:00,451.5951092713155,302.5554006691616,130894.25665358266 
 04/04  14:00:00,448.07739693994287,292.4158594244787,142547.7122069742 
 04/04  15:00:00,437.46384348982277,277.4113526075634,153728.27019181706 
 04/04  16:00:00,344.1484067643806,215.08834705570374,155051.64449816766 
 04/04  17:00:00,191.95282903797046,120.27913472895303,143161.9145670001 
 04/04  18:00:00,28.862601925770347,17.919459542942034,70014.25016576494 
 04/04  19:00:00,0.0,0.0,47552.13504206485 
 04/04  20:00:00,0.0,0.0,31998.517400220688 
 04/04  21:00:00,0.0,0.0,5487.198048943402 
 04/04  22:00:00,0.0,0.0,7739.482308547568 
 04/04  23:00:00,0.0,0.0,7656.744385032082 
 04/04  24:00:00,0.0,0.0,7629.150972802111 
 04/05  01:00:00,0.0,0.0,7625.266615849963 
 04/05  02:00:00,0.0,0.0,7621.936422737518 
 04/05  03:00:00,0.0,0.0,7604.902992513796 
 04/05  04:00:00,0.0,0.0,7564.3208262213075 
 04/05  05:00:00,0.0,0.0,7518.363176347833 
 04/05  06:00:00,30.233436369088225,19.729649732943157,7499.875586233474 
 04/05  07:00:00,239.36214218208455,162.84822182418189,7533.4895201087065 
 04/05  08:00:00,451.9482500883875,294.1705613321853,16047.414294601716 
 04/05  09:00:00,627.236888925128,407.01293643553256,98996.93924522645 
 04/05  10:00:00,646.4610309486444,425.87836888698629,114070.6041224462 
 04/05  11:00:00,559.2142151806502,375.89134893087199,122878.0781166834 
 04/05  12:00:00,495.8109851992612,335.66672653708067,126177.21669402889 
 04/05  13:00:00,450.318640271462,301.7060096954035,125532.76283324056 
 04/05  14:00:00,426.7291438149393,278.6419066278975,133503.62338162194 
 04/05  15:00:00,418.0582573943725,265.2379527062098,142967.9269184188 
 04/05  16:00:00,355.3878370597524,221.81465697136535,134015.5291983291 
 04/05  17:00:00,223.10406142542389,137.55537655084064,110788.54857918527 
 04/05  18:00:00,36.15208416012535,22.042726781066109,42346.64756973669 
 04/05  19:00:00,0.0,0.0,23947.355176436686 
 04/05  20:00:00,0.0,0.0,15267.964829295966 
 04/05  21:00:00,0.0,0.0,12708.102584543985 
 04/05  22:00:00,0.0,0.0,7682.12587061727 
 04/05  23:00:00,0.0,0.0,7653.104916101045 
 04/05  24:00:00,0.0,0.0,7634.598696238353 
 04/06  01:00:00,0.0,0.0,7625.179768105688 
 04/06  02:00:00,0.0,0.0,7618.889699077948 
 04/06  03:00:00,0.0,0.0,7597.426476797266 
 04/06  04:00:00,0.0,0.0,7548.886773211376 
 04/06  05:00:00,0.0,0.0,7485.825881818957 
 04/06  06:00:00,17.013231692150869,11.220204897689309,7449.124797341683 
 04/06  07:00:00,137.88225871476076,90.85986483358471,7450.465955506746 
 04/06  08:00:00,338.7182507773744,218.26169915594526,7474.737940423714 
 04/06  09:00:00,503.8109904770574,326.4394014565102,35956.48342293856 
 04/06  10:00:00,547.4005793354853,360.0972024913224,51352.47221344148 
 04/06  11:00:00,506.63821036636389,339.2400371077652,60621.048274748966 
 04/06  12:00:00,469.6414677661678,316.63393476521227,55138.437680389885 
 04/06  13:00:00,443.72186423025638,296.95764899535558,52192.711855425325 
 04/06  14:00:00,425.7654454508475,278.01255396565406,49848.65273448834 
 04/06  15:00:00,424.5671367446025,269.3448842400793,52034.925458920865 
 04/06  16:00:00,354.3666908536804,221.37327036337306,47509.76770385703 
 04/06  17:00:00,207.07653635334575,128.75447467354523,39382.613057100614 
 04/06  18:00:00,31.71123377145909,19.528719587401839,33845.28979320211 
 04/06  19:00:00,0.0,0.0,26582.167819912316 
 04/06  20:00:00,0.0,0.0,13383.764835851673 
 04/06  21:00:00,0.0,0.0,12264.138563217653 
 04/06  22:00:00,0.0,0.0,7662.735566064662 
 04/06  23:00:00,0.0,0.0,7597.73928287631 
 04/06  24:00:00,0.0,0.0,7574.298391116669 
 04/07  01:00:00,0.0,0.0,7560.475880529403 
 04/07  02:00:00,0.0,0.0,7547.634280787076 
 04/07  03:00:00,0.0,0.0,7539.916197649388 
 04/07  04:00:00,0.0,0.0,7535.333934428411 
 04/07  05:00:00,0.0,0.0,7525.723294710825 
 04/07  06:00:00,54.5092736836342,32.55379144664051,7549.937769411009 
 04/07  07:00:00,428.8523934601687,282.013328992429,7624.902703043466 
 04/07  08:00:00,764.2749014498877,488.9486328570981,7710.1160756853205 
 04/07  09:00:00,889.8619525913933,568.7029733165841,7772.890938162834 
 04/07  10:00:00,829.6440298954477,541.6566125709561,7800.206119326529 
 04/07  11:00:00,684.3665363773547,459.8363980191652,7815.203200075429 
 04/07  12:00:00,492.3581061718601,340.6734955940893,7820.814033355596 
 04/07  13:00:00,485.1522681012154,329.4544691645036,7828.207749242089 
 04/07  14:00:00,549.2753279456815,355.94961101788479,7840.745044653111 
 04/07  15:00:00,542.5086931122913,338.6851305084057,7857.974483517347 
 04/07  16:00:00,427.81322540153698,262.0797216102038,7873.365165584318 
 04/07  17:00:00,241.78181045593275,147.76653482906216,7880.5202471969415 
 04/07  18:00:00,44.23688802865382,26.472271663958627,7869.497157890775 
 04/07  19:00:00,0.0,0.0,7850.596306254359 
 04/07  20:00:00,0.0,0.0,7829.171955880512 
 04/07  21:00:00,0.0,0.0,7812.133024307987 
 04/07  22:00:00,0.0,0.0,7782.926581949935 
 04/07  23:00:00,0.0,0.0,7751.009567804377 
 04/07  24:00:00,0.0,0.0,7720.76106547319 
 04/08  01:00:00,0.0,0.0,7706.797917945078 
 04/08  02:00:00,0.0,0.0,7691.503428469286 
 04/08  03:00:00,0.0,0.0,7664.50802489915 
 04/08  04:00:00,0.0,0.0,7629.395428431202 
 04/08  05:00:00,0.0,0.0,7588.795913110281 
 04/08  06:00:00,51.91838374071321,31.32177532237883,7578.236748594622 
 04/08  07:00:00,396.1437927970146,262.6772244082501,7613.6682887648485 
 04/08  08:00:00,664.2713280077818,430.44621823455858,20626.49237776832 
 04/08  09:00:00,766.3806143549797,495.6452907420442,147292.97727013034 
 04/08  10:00:00,725.9566416401921,477.6136536423398,157358.43215677053 
 04/08  11:00:00,545.099906349575,370.0530819023102,163236.5624015936 
 04/08  12:00:00,379.78132872576756,268.0271576645154,165771.55305646148 
 04/08  13:00:00,429.1304083092236,293.6097613018316,157131.63404393855 
 04/08  14:00:00,519.7756614930701,336.82188463768167,148344.3926786267 
 04/08  15:00:00,539.1172623442848,336.5202151859854,154147.6923466005 
 04/08  16:00:00,458.0144322430377,279.7079936054737,143308.08029998604 
 04/08  17:00:00,289.29900191268686,174.1093309578886,126413.97080823557 
 04/08  18:00:00,55.323621614826659,32.17645649916104,42911.374901817246 
 04/08  19:00:00,0.0,0.0,21129.668820815154 
 04/08  20:00:00,0.0,0.0,8229.778172343467 
 04/08  21:00:00,0.0,0.0,6333.104108483368 
 04/08  22:00:00,0.0,0.0,7761.66264691472 
 04/08  23:00:00,0.0,0.0,7721.619427722318 
 04/08  24:00:00,0.0,0.0,7708.833419439686 
 04/09  01:00:00,0.0,0.0,7690.69633536398 
 04/09  02:00:00,0.0,0.0,7674.437646056686 
 04/09  03:00:00,0.0,0.0,7657.43399259901 
 04/09  04:00:00,0.0,0.0,7641.158968464425 
 04/09  05:00:00,0.0,0.0,7622.517349804987 
 04/09  06:00:00,85.92797541170677,48.408412604891008,7625.95328729001 
 04/09  07:00:00,602.0882299668154,386.03814974151347,7651.578184554649 
 04/09  08:00:00,816.4494080643116,520.8307591902944,7692.072523188443 
 04/09  09:00:00,832.2620673154402,536.4086024357701,7723.553046956916 
 04/09  10:00:00,822.3704225442833,538.1101757855278,7793.109439197741 
 04/09  11:00:00,707.5029809251788,474.8061204915248,7850.48477640683 
 04/09  12:00:00,541.395839331195,372.56228149458937,7869.470640955092 
 04/09  13:00:00,494.5465881784176,335.3403252432513,7872.325424052181 
 04/09  14:00:00,551.6200439369373,357.4162992863273,7863.36010193074 
 04/09  15:00:00,549.7272731492671,343.24120038515459,7853.0097811919195 
 04/09  16:00:00,462.1299036682761,281.97505749232,7839.818845682298 
 04/09  17:00:00,287.1128308112183,172.93650783368114,7821.7754179684025 
 04/09  18:00:00,51.20420047612702,29.959630637755827,7803.079266560458 
 04/09  19:00:00,0.0,0.0,7780.8711619250125 
 04/09  20:00:00,0.0,0.0,7753.336446500932 
 04/09  21:00:00,0.0,0.0,7731.190810109004 
 04/09  22:00:00,0.0,0.0,7708.033816899125 
 04/09  23:00:00,0.0,0.0,7687.623490549613 
 04/09  24:00:00,0.0,0.0,7669.000737098338 
 04/10  01:00:00,0.0,0.0,7655.341737887298 
 04/10  02:00:00,0.0,0.0,7644.134691400724 
 04/10  03:00:00,0.0,0.0,7633.687794436947 
 04/10  04:00:00,0.0,0.0,7625.395761118594 
 04/10  05:00:00,0.0,0.0,7619.264709404232 
 04/10  06:00:00,57.549000700880778,34.58777092825021,7626.327101810793 
 04/10  07:00:00,430.0872597523837,284.15093352605529,7670.034577885344 
 04/10  08:00:00,720.3201370552575,464.27675404904127,16047.07154291063 
 04/10  09:00:00,862.9910141862046,555.0171462906686,141678.10991586909 
 04/10  10:00:00,815.1411659547033,533.8481572228051,151531.16045686932 
 04/10  11:00:00,622.8545102435709,420.7914349294645,157585.1240777377 
 04/10  12:00:00,446.78605817927339,311.928858578414,160417.68108623907 
 04/10  13:00:00,448.10199972430339,305.78312486291136,154967.6058000013 
 04/10  14:00:00,492.7385659205791,319.82428242084066,148761.6050870801 
 04/10  15:00:00,464.38443799198816,293.3465274573435,155542.1345645386 
 04/10  16:00:00,351.37003124546308,219.58976722970739,143310.59776865607 
 04/10  17:00:00,182.78146689765576,114.85234419830114,120749.8403630397 
 04/10  18:00:00,27.973558964907299,17.39228100809965,38449.367953418856 
 04/10  19:00:00,0.0,0.0,17672.67181497107 
 04/10  20:00:00,0.0,0.0,6481.298819375433 
 04/10  21:00:00,0.0,0.0,5952.138928023761 
 04/10  22:00:00,0.0,0.0,7732.451447857209 
 04/10  23:00:00,0.0,0.0,7673.383057955661 
 04/10  24:00:00,0.0,0.0,7661.215032517289 
 04/11  01:00:00,0.0,0.0,7652.554284485301 
 04/11  02:00:00,0.0,0.0,7649.872639139178 
 04/11  03:00:00,0.0,0.0,7632.4153249824185 
 04/11  04:00:00,0.0,0.0,7592.728907726803 
 04/11  05:00:00,0.0,0.0,7547.293995828838 
 04/11  06:00:00,34.23522133736377,22.612836583722247,7534.341589457173 
 04/11  07:00:00,216.55121825449133,146.94535972257496,7584.505697129061 
 04/11  08:00:00,406.5818503479633,263.14864575859937,15231.811892154588 
 04/11  09:00:00,592.9076226792403,384.34877483449847,100873.46303120889 
 04/11  10:00:00,609.2811306582689,400.9862025465834,134122.9429537507 
 04/11  11:00:00,545.4186600269367,366.01148565733208,135710.7018568092 
 04/11  12:00:00,506.411830166922,343.90353996466657,133167.40738777168 
 04/11  13:00:00,487.89963816884008,328.533602602269,134142.77860835652 
 04/11  14:00:00,488.805211213705,319.38845369795089,148306.7262362046 
 04/11  15:00:00,457.02674742841148,289.73495517444959,160295.47366462279 
 04/11  16:00:00,361.1756617685599,225.45079142335104,160985.49229380935 
 04/11  17:00:00,211.25826218219687,131.1267426121737,148636.73218601707 
 04/11  18:00:00,35.522947878308468,21.968130829728965,71937.22103716324 
 04/11  19:00:00,0.0,0.0,49375.59558479098 
 04/11  20:00:00,0.0,0.0,33591.44539129036 
 04/11  21:00:00,0.0,0.0,5949.2054580379445 
 04/11  22:00:00,0.0,0.0,7755.438013855398 
 04/11  23:00:00,0.0,0.0,7668.860542679994 
 04/11  24:00:00,0.0,0.0,7622.852478326113 
 04/12  01:00:00,0.0,0.0,7584.998576731335 
 04/12  02:00:00,0.0,0.0,7541.269086983076 
 04/12  03:00:00,0.0,0.0,7506.140683285547 
 04/12  04:00:00,0.0,0.0,7493.835337879678 
 04/12  05:00:00,0.0,0.0,7486.8697910284345 
 04/12  06:00:00,46.181915549379258,29.81240685624012,7519.981346381629 
 04/12  07:00:00,298.95561870990357,204.99576170409436,7629.984090107116 
 04/12  08:00:00,587.0140799856395,382.9764944417762,20177.392903388798 
 04/12  09:00:00,734.0237580985009,475.5951967718399,112807.31605652299 
 04/12  10:00:00,696.6241823946981,458.71074462204509,125848.17006908592 
 04/12  11:00:00,569.9484353610638,383.5925970249609,131522.50901894534 
 04/12  12:00:00,495.76503743410879,338.88616440923786,134043.46758769227 
 04/12  13:00:00,415.8311558453459,283.8727874146279,135411.89825956446 
 04/12  14:00:00,509.54923414935146,330.2159823268846,144642.60384074949 
 04/12  15:00:00,504.74328856769906,315.4522686694955,154284.78328284509 
 04/12  16:00:00,392.3385735778202,241.11942551766286,144475.40840706079 
 04/12  17:00:00,228.32301163448225,140.17186356204773,119205.62974442846 
 04/12  18:00:00,42.70559986353166,25.632228002111803,44302.96494376734 
 04/12  19:00:00,0.0,0.0,24805.458479697623 
 04/12  20:00:00,0.0,0.0,15710.61369235048 
 04/12  21:00:00,0.0,0.0,12705.272784639668 
 04/12  22:00:00,0.0,0.0,7702.150385303566 
 04/12  23:00:00,0.0,0.0,7695.315540242474 
 04/12  24:00:00,0.0,0.0,7671.457353962698 
 04/13  01:00:00,0.0,0.0,7604.719149696463 
 04/13  02:00:00,0.0,0.0,7525.667022380244 
 04/13  03:00:00,0.0,0.0,7472.0892322885775 
 04/13  04:00:00,0.0,0.0,7446.838802084262 
 04/13  05:00:00,0.0,0.0,7432.212960666657 
 04/13  06:00:00,91.88771693138738,53.92017164694986,7455.174183239088 
 04/13  07:00:00,529.5002356789154,349.85113892927708,7542.852491927698 
 04/13  08:00:00,816.2008932195621,521.1322834989666,7649.453991989599 
 04/13  09:00:00,902.257735462755,575.5728672577707,54890.13385347265 
 04/13  10:00:00,907.9926250772972,591.0311151002833,78440.75653915589 
 04/13  11:00:00,721.6565955419416,483.5394211568126,89694.77038714498 
 04/13  12:00:00,556.7195285122198,382.1978159507109,81425.48577055976 
 04/13  13:00:00,552.184893621642,372.350381593206,62277.50064402009 
 04/13  14:00:00,614.0335174695124,396.73923438528279,57986.00417903371 
 04/13  15:00:00,551.1297341494231,344.23417504113339,58505.09685594984 
 04/13  16:00:00,448.81219841431058,274.35217404097,52737.97481373084 
 04/13  17:00:00,229.01562540806433,140.45763782786086,43622.53916162464 
 04/13  18:00:00,37.8341660801706,22.931284041636276,35556.00454644214 
 04/13  19:00:00,0.0,0.0,27099.783299993138 
 04/13  20:00:00,0.0,0.0,15529.757870682157 
 04/13  21:00:00,0.0,0.0,14308.22794399642 
 04/13  22:00:00,0.0,0.0,7730.338264099316 
 04/13  23:00:00,0.0,0.0,7692.474452308553 
 04/13  24:00:00,0.0,0.0,7683.064481205205 
 04/14  01:00:00,0.0,0.0,7669.721188407584 
 04/14  02:00:00,0.0,0.0,7658.755879707906 
 04/14  03:00:00,0.0,0.0,7644.680368572128 
 04/14  04:00:00,0.0,0.0,7616.975009036864 
 04/14  05:00:00,0.0,0.0,7579.911610004318 
 04/14  06:00:00,94.29142117829668,55.36080108693907,7577.644722597127 
 04/14  07:00:00,532.1365724200729,351.5146813910407,7611.886157094811 
 04/14  08:00:00,805.3069668863212,515.0631230754253,7664.517899569983 
 04/14  09:00:00,893.1128328694416,571.3235119546703,7715.306132813047 
 04/14  10:00:00,828.6842949656698,541.3916880854124,7771.192369976782 
 04/14  11:00:00,650.3506324972678,437.91520924211189,7822.481272574008 
 04/14  12:00:00,457.5244389345712,318.71280121185358,7864.311050421921 
 04/14  13:00:00,419.9871597245449,287.50152040367717,7898.220759876895 
 04/14  14:00:00,479.9196330804386,312.8430231142814,7918.276011922987 
 04/14  15:00:00,471.099406711584,296.4148120789352,7907.920504927973 
 04/14  16:00:00,376.2475522736241,233.19097168923325,7871.534146517534 
 04/14  17:00:00,215.8933981160526,133.4543598044907,7832.66184643072 
 04/14  18:00:00,33.42008952543492,20.498620957474939,7781.282507520456 
 04/14  19:00:00,0.0,0.0,7739.5630628975205 
 04/14  20:00:00,0.0,0.0,7703.361038456546 
 04/14  21:00:00,0.0,0.0,7679.5269076738 
 04/14  22:00:00,0.0,0.0,7674.864584039494 
 04/14  23:00:00,0.0,0.0,7674.495658673703 
 04/14  24:00:00,0.0,0.0,7666.606262731221 
 04/15  01:00:00,0.0,0.0,7651.683977789384 
 04/15  02:00:00,0.0,0.0,7641.60873971913 
 04/15  03:00:00,0.0,0.0,7618.129715578264 
 04/15  04:00:00,0.0,0.0,7591.151303930671 
 04/15  05:00:00,0.0,0.0,7564.501519532518 
 04/15  06:00:00,36.27921066351043,24.214713318912584,7561.92501731732 
 04/15  07:00:00,243.5217165524041,165.68504669288999,7577.058813495539 
 04/15  08:00:00,508.36693824610105,331.34554339142377,19088.92298545934 
 04/15  09:00:00,741.2262771218983,480.12036701662665,143175.59655923805 
 04/15  10:00:00,802.1455757487752,526.4337257614307,153396.11014153606 
 04/15  11:00:00,614.7565488336089,415.71771514293558,159989.54298485557 
 04/15  12:00:00,424.4262005326735,295.77843086822966,162395.30194391954 
 04/15  13:00:00,485.1700197121947,327.16356222859408,152988.07850255239 
 04/15  14:00:00,476.32251076458308,311.1868328553805,143759.80950916498 
 04/15  15:00:00,470.4481043092142,296.1052326222968,149692.8087352531 
 04/15  16:00:00,428.3029554873587,262.08074515439406,139146.7081554269 
 04/15  17:00:00,287.56671994553468,172.96995899912927,122620.8721305789 
 04/15  18:00:00,54.83414942730937,31.93649940366947,41557.6851509625 
 04/15  19:00:00,0.0,0.0,20476.258633535956 
 04/15  20:00:00,0.0,0.0,7841.755311834699 
 04/15  21:00:00,0.0,0.0,5984.042852008723 
 04/15  22:00:00,0.0,0.0,7755.489297264761 
 04/15  23:00:00,0.0,0.0,7710.100994492874 
 04/15  24:00:00,0.0,0.0,7691.189098971016 
 04/16  01:00:00,0.0,0.0,7636.233856952618 
 04/16  02:00:00,0.0,0.0,7577.594339935643 
 04/16  03:00:00,0.0,0.0,7532.272233900472 
 04/16  04:00:00,0.0,0.0,7525.665398977701 
 04/16  05:00:00,0.0,0.0,7519.892351063948 
 04/16  06:00:00,82.63208366674808,49.74263570464549,7532.765578033912 
 04/16  07:00:00,484.90816775213809,322.2185647899982,7587.326928359405 
 04/16  08:00:00,782.295785510605,501.81691257039668,14686.534247201917 
 04/16  09:00:00,895.1634508939729,572.6282908657179,106700.98599499586 
 04/16  10:00:00,856.9117141762712,559.1090858498072,139894.13281059123 
 04/16  11:00:00,715.4191974192673,479.9829578783629,149704.81888447554 
 04/16  12:00:00,555.4423915141248,381.388460951538,145157.498259926 
 04/16  13:00:00,558.4504159450133,376.19566492021189,143987.0619631703 
 04/16  14:00:00,611.7633880151035,395.46149211080549,164718.84427285565 
 04/16  15:00:00,580.016787327199,362.0505338577935,182244.86569251598 
 04/16  16:00:00,464.19241926623666,282.8648694136734,175553.4068769568 
 04/16  17:00:00,292.0232319593009,174.9889519253518,168631.44631053473 
 04/16  18:00:00,59.17979911591696,34.224133175700867,87695.12045979056 
 04/16  19:00:00,0.0,0.0,56467.44371376166 
 04/16  20:00:00,0.0,0.0,38878.94328780668 
 04/16  21:00:00,0.0,0.0,5740.5049715596615 
 04/16  22:00:00,0.0,0.0,7723.854993468333 
 04/16  23:00:00,0.0,0.0,7644.239678902549 
 04/16  24:00:00,0.0,0.0,7629.548170218658 
 04/17  01:00:00,0.0,0.0,7639.833395283348 
 04/17  02:00:00,0.0,0.0,7656.486129325948 
 04/17  03:00:00,0.0,0.0,7653.99140287826 
 04/17  04:00:00,0.0,0.0,7621.344810875933 
 04/17  05:00:00,0.0,0.0,7593.096089591744 
 04/17  06:00:00,57.56472787452543,36.20124376786671,7592.640360575545 
 04/17  07:00:00,355.53714750608796,243.22821113474599,7647.125723451564 
 04/17  08:00:00,722.4431516038891,466.8194027312001,7716.808871694374 
 04/17  09:00:00,855.9632744892497,551.7591497515857,7760.400208433478 
 04/17  10:00:00,798.5950365183481,524.3053367923584,7783.57879583161 
 04/17  11:00:00,600.2600768230815,406.5251027384292,7803.8493549612385 
 04/17  12:00:00,415.5672186871464,292.0028306960291,7817.802450109405 
 04/17  13:00:00,431.8429079582731,295.2920246180619,7822.1965628318185 
 04/17  14:00:00,522.3226322478025,338.5741199923271,7825.001168144346 
 04/17  15:00:00,533.8987631855784,333.44377381098027,7830.830402343895 
 04/17  16:00:00,453.33293624192819,276.7718250782804,7831.304131276212 
 04/17  17:00:00,289.5373263697367,173.67150060064373,7818.578352993176 
 04/17  18:00:00,55.42453810970395,32.09346893103575,7796.565384195015 
 04/17  19:00:00,0.0,0.0,7763.669573587874 
 04/17  20:00:00,0.0,0.0,7724.19522211706 
 04/17  21:00:00,0.0,0.0,7702.478355456106 
 04/17  22:00:00,0.0,0.0,7663.275868653589 
 04/17  23:00:00,0.0,0.0,7627.231190101887 
 04/17  24:00:00,0.0,0.0,7590.3201558779265 
 04/18  01:00:00,0.0,0.0,7571.913347472509 
 04/18  02:00:00,0.0,0.0,7554.392431171033 
 04/18  03:00:00,0.0,0.0,7540.481704550638 
 04/18  04:00:00,0.0,0.0,7520.904475507757 
 04/18  05:00:00,0.0,0.0,7504.660005108691 
 04/18  06:00:00,65.59190235163611,40.8249767741447,7513.051615871899 
 04/18  07:00:00,411.3270253470267,276.36307309580607,7575.063629002031 
 04/18  08:00:00,734.5912047280491,474.29161674162875,7651.599461523691 
 04/18  09:00:00,866.5255463131101,557.6431756781031,7715.479192386419 
 04/18  10:00:00,811.2900280292923,531.8213526146676,7754.872885335474 
 04/18  11:00:00,626.4848077628221,423.1196661882882,7794.5045498652025 
 04/18  12:00:00,455.99459104281569,317.71187216933108,7823.2188615137675 
 04/18  13:00:00,457.7909201399061,311.8973534238332,7840.842371971522 
 04/18  14:00:00,516.9000842766163,335.12506970786537,7840.56623979491 
 04/18  15:00:00,466.3271306785255,292.9643595726906,7816.883198961987 
 04/18  16:00:00,356.40403691229997,222.5217888656798,7765.330637282133 
 04/18  17:00:00,189.604788231446,118.98287656299651,7713.8004778175455 
 04/18  18:00:00,31.83140781175996,19.939085949244015,7673.952205504942 
 04/18  19:00:00,0.0,0.0,7652.729318452494 
 04/18  20:00:00,0.0,0.0,7638.16521783026 
 04/18  21:00:00,0.0,0.0,7623.085785019622 
 04/18  22:00:00,0.0,0.0,7603.410991013135 
 04/18  23:00:00,0.0,0.0,7590.495080654974 
 04/18  24:00:00,0.0,0.0,7578.054510047187 
 04/19  01:00:00,0.0,0.0,7573.7567680761595 
 04/19  02:00:00,0.0,0.0,7573.525162176109 
 04/19  03:00:00,0.0,0.0,7556.58906006525 
 04/19  04:00:00,0.0,0.0,7513.542960912433 
 04/19  05:00:00,0.0,0.0,7470.358821848365 
 04/19  06:00:00,43.893470034608238,29.35809757993069,7474.687073624515 
 04/19  07:00:00,284.0447694951611,194.61297653664057,7570.540387593833 
 04/19  08:00:00,564.8819613261188,368.30406522124448,7685.761443466515 
 04/19  09:00:00,777.5903878746084,503.1944170892869,7765.3422729788645 
 04/19  10:00:00,804.6385282654886,527.9849897937007,7802.317806403552 
 04/19  11:00:00,617.6210623301296,417.5464829105608,7828.761995056472 
 04/19  12:00:00,452.9843674966774,315.8043977298349,7847.102021018134 
 04/19  13:00:00,469.0806276396254,319.0947402030014,7857.9835464235175 
 04/19  14:00:00,538.8059323134486,349.16647603449658,7859.939516765585 
 04/19  15:00:00,538.0936505069889,335.9933330183655,7848.558364964086 
 04/19  16:00:00,451.5415779855236,275.801024520359,7832.0253792667145 
 04/19  17:00:00,282.61899825082329,170.3792274424388,7813.604625276096 
 04/19  18:00:00,50.117556631616029,29.4703464012664,7791.125733094957 
 04/19  19:00:00,0.0,0.0,7756.94304709179 
 04/19  20:00:00,0.0,0.0,7704.353003325846 
 04/19  21:00:00,0.0,0.0,7663.949761930235 
 04/19  22:00:00,0.0,0.0,7609.937925486837 
 04/19  23:00:00,0.0,0.0,7549.013042225688 
 04/19  24:00:00,0.0,0.0,7510.626751813314 
 04/20  01:00:00,0.0,0.0,7542.958558479342 
 04/20  02:00:00,0.0,0.0,7585.200866169586 
 04/20  03:00:00,0.0,0.0,7596.923115705729 
 04/20  04:00:00,0.0,0.0,7550.951910183837 
 04/20  05:00:00,0.0,0.0,7492.444237966127 
 04/20  06:00:00,104.95026799431868,62.41374417248674,7479.8820291408 
 04/20  07:00:00,572.1635854293413,380.55506122812229,7561.994497946034 
 04/20  08:00:00,819.3215433542454,524.5079627292174,7664.656310932286 
 04/20  09:00:00,865.4906665748098,557.0641408085647,7742.636022343916 
 04/20  10:00:00,702.5659187668949,462.38084716756068,7792.05100848295 
 04/20  11:00:00,562.6356714152349,378.24249114810348,7818.245781043413 
 04/20  12:00:00,499.7611876758381,341.04675761614609,7843.681827477913 
 04/20  13:00:00,410.14279893057718,280.1530303012005,7865.712771712416 
 04/20  14:00:00,472.10879678780409,306.42288069971536,7874.62794152318 
 04/20  15:00:00,476.954200379208,298.2424577171875,7864.533978607839 
 04/20  16:00:00,385.1321452293129,237.21881405475595,7837.984138871386 
 04/20  17:00:00,224.04478447132329,137.70866092490909,7810.44164067256 
 04/20  18:00:00,42.3125396019495,25.416522321763169,7788.486585533904 
 04/20  19:00:00,0.0,0.0,7772.246050940684 
 04/20  20:00:00,0.0,0.0,7760.533718130959 
 04/20  21:00:00,0.0,0.0,7747.98743622846 
 04/20  22:00:00,0.0,0.0,7737.893589341079 
 04/20  23:00:00,0.0,0.0,7723.721743110436 
 04/20  24:00:00,0.0,0.0,7694.5378780814235 
 04/21  01:00:00,0.0,0.0,7656.228093223653 
 04/21  02:00:00,0.0,0.0,7618.212954112139 
 04/21  03:00:00,0.0,0.0,7590.132450268177 
 04/21  04:00:00,0.0,0.0,7584.312262561689 
 04/21  05:00:00,0.0,0.0,7582.881735473435 
 04/21  06:00:00,135.03384021688479,69.94397449182438,7593.550009104159 
 04/21  07:00:00,996.6579189451768,394.9331598346935,7622.8132050608265 
 04/21  08:00:00,860.962973406184,568.7279500016942,7667.12274137724 
 04/21  09:00:00,927.5836196441331,606.8848118785357,7719.7192765576 
 04/21  10:00:00,885.1745041494842,587.169961485273,7774.269987943261 
 04/21  11:00:00,730.4309972255775,495.74548074499008,7815.28580765301 
 04/21  12:00:00,572.7994923006996,395.0628106735719,7846.261534827402 
 04/21  13:00:00,585.5960946283294,393.65747451605338,7870.217435734402 
 04/21  14:00:00,652.4518625964257,419.37170748773499,7878.487495834615 
 04/21  15:00:00,617.1129719406027,382.9761404927369,7872.596150297596 
 04/21  16:00:00,490.3741843851153,297.5743898899771,7857.234989794178 
 04/21  17:00:00,299.43912227328658,179.31024991516549,7836.127385789928 
 04/21  18:00:00,47.62088368838082,28.029998436490588,7810.543152987287 
 04/21  19:00:00,0.0,0.0,7781.061459171634 
 04/21  20:00:00,0.0,0.0,7752.167916656254 
 04/21  21:00:00,0.0,0.0,7725.217551398545 
 04/21  22:00:00,0.0,0.0,7693.964939800695 
 04/21  23:00:00,0.0,0.0,7659.1213735369065 
 04/21  24:00:00,0.0,0.0,7621.186616772618 
 04/22  01:00:00,0.0,0.0,7592.9231515741085 
 04/22  02:00:00,0.0,0.0,7561.629175689993 
 04/22  03:00:00,0.0,0.0,7540.105713143194 
 04/22  04:00:00,0.0,0.0,7532.039632849294 
 04/22  05:00:00,0.0,0.0,7520.177601303479 
 04/22  06:00:00,132.12193510465296,59.63614580561301,7538.406890327938 
 04/22  07:00:00,853.4692542564964,351.931971268599,7610.702051423806 
 04/22  08:00:00,817.7994714846503,540.096642215236,21906.000044113567 
 04/22  09:00:00,917.7390169306805,600.9739301334073,151624.21604803325 
 04/22  10:00:00,848.7335558718984,563.650745145855,159700.9056429142 
 04/22  11:00:00,667.0469217272083,454.2681202663639,163046.13436356354 
 04/22  12:00:00,540.8449889187114,374.1909514739755,164528.85919265718 
 04/22  13:00:00,581.4318776224912,391.031897766301,155858.52613866158 
 04/22  14:00:00,647.1637646682435,416.1409431588043,147355.83734879076 
 04/22  15:00:00,614.3372967021754,381.36232694144368,153375.47335683523 
 04/22  16:00:00,492.12899470280947,298.17050328049899,142812.07796060967 
 04/22  17:00:00,310.6402563347693,184.27130102422357,126176.90381496858 
 04/22  18:00:00,57.39421566910233,32.94000433908196,42735.62318886755 
 04/22  19:00:00,0.0,0.0,20836.629795569203 
 04/22  20:00:00,0.0,0.0,7768.090138790518 
 04/22  21:00:00,0.0,0.0,5776.357840180884 
 04/22  22:00:00,0.0,0.0,7658.838176738001 
 04/22  23:00:00,0.0,0.0,7575.441047392799 
 04/22  24:00:00,0.0,0.0,7556.857507962862 
 04/23  01:00:00,0.0,0.0,7552.173883360153 
 04/23  02:00:00,0.0,0.0,7548.923691571609 
 04/23  03:00:00,0.0,0.0,7513.836198020556 
 04/23  04:00:00,0.0,0.0,7435.982172146755 
 04/23  05:00:00,0.0,0.0,7355.575985964048 
 04/23  06:00:00,112.86787380254447,50.40058037990136,7335.915867754873 
 04/23  07:00:00,726.3274837439359,308.5019789360487,7446.859559251083 
 04/23  08:00:00,757.5636705930442,500.96390683434796,14130.941497549347 
 04/23  09:00:00,883.5821976381163,580.25480631514,107528.05524919696 
 04/23  10:00:00,780.7293563478352,520.6676941297736,142421.38926825746 
 04/23  11:00:00,568.2313528854809,388.50778342577288,151636.33168954132 
 04/23  12:00:00,467.66553801215908,323.4803229384975,147195.42743776038 
 04/23  13:00:00,459.54493794145068,311.94708829874466,146356.22495794609 
 04/23  14:00:00,503.52065511512827,326.38653302475316,167050.9523766448 
 04/23  15:00:00,498.3914291576146,312.19416626874,184673.6221538604 
 04/23  16:00:00,401.5042432684268,247.60530227819963,177616.53673957839 
 04/23  17:00:00,221.33841162950055,136.89811688175508,170169.44383173143 
 04/23  18:00:00,33.11944833134354,20.356310766241827,87573.26763916889 
 04/23  19:00:00,0.0,0.0,56460.401062903235 
 04/23  20:00:00,0.0,0.0,39031.599981848325 
 04/23  21:00:00,0.0,0.0,5912.26498660163 
 04/23  22:00:00,0.0,0.0,7748.380196323542 
 04/23  23:00:00,0.0,0.0,7686.786810581784 
 04/23  24:00:00,0.0,0.0,7669.6977265397045 
 04/24  01:00:00,0.0,0.0,7657.311842125778 
 04/24  02:00:00,0.0,0.0,7644.860808732209 
 04/24  03:00:00,0.0,0.0,7628.60273344719 
 04/24  04:00:00,0.0,0.0,7606.998958320547 
 04/24  05:00:00,0.0,0.0,7581.988905927916 
 04/24  06:00:00,87.5213316603061,38.336670601539477,7589.3857541613315 
 04/24  07:00:00,520.8042550423571,224.13216908697869,7649.678880710293 
 04/24  08:00:00,529.7925389438867,350.83423549752549,16983.63751893707 
 04/24  09:00:00,657.9903736640089,433.0847559830888,142317.02447330499 
 04/24  10:00:00,648.0042396789803,431.43631893972698,151162.3428908869 
 04/24  11:00:00,560.4530303466314,378.8067802652926,156477.5338576389 
 04/24  12:00:00,511.60789345186637,348.0571574902959,158941.4652949008 
 04/24  13:00:00,501.0206772069796,337.40472257989219,153311.8862144253 
 04/24  14:00:00,510.67281798182037,332.8705196971628,147757.98815329968 
 04/24  15:00:00,478.280547595971,302.73438634079249,155873.06409653699 
 04/24  16:00:00,369.09825692785878,230.38239065663803,145644.54756894869 
 04/24  17:00:00,204.64091694335569,127.55654827573028,124537.96661323817 
 04/24  18:00:00,33.3174233914174,20.48329208020852,39996.49232968214 
 04/24  19:00:00,0.0,0.0,18577.39482406924 
 04/24  20:00:00,0.0,0.0,7068.99533332745 
 04/24  21:00:00,0.0,0.0,6503.761130197964 
 04/24  22:00:00,0.0,0.0,7763.070216487852 
 04/24  23:00:00,0.0,0.0,7701.5852392974275 
 04/24  24:00:00,0.0,0.0,7679.193679244695 
 04/25  01:00:00,0.0,0.0,7661.667851680424 
 04/25  02:00:00,0.0,0.0,7652.991062556309 
 04/25  03:00:00,0.0,0.0,7623.952495393838 
 04/25  04:00:00,0.0,0.0,7581.274430716597 
 04/25  05:00:00,0.0,0.0,7537.402355829604 
 04/25  06:00:00,91.24030993597497,43.23538571081156,7541.038331168754 
 04/25  07:00:00,589.2051236595515,252.2830945328151,7631.884571430713 
 04/25  08:00:00,624.9440908599412,414.77145615165156,17211.277754602805 
 04/25  09:00:00,777.3792437490657,512.0252873172093,106852.26241983405 
 04/25  10:00:00,738.8381687602208,493.18313194750348,139668.1541641707 
 04/25  11:00:00,580.1379384749897,393.96079670464288,138374.40231467505 
 04/25  12:00:00,516.2517848448609,351.9776145953954,133959.0049716826 
 04/25  13:00:00,500.98999666665307,337.2507765422701,135095.76645089105 
 04/25  14:00:00,506.26931680311238,330.0764914864506,150249.46326327136 
 04/25  15:00:00,466.552804121216,295.23905850053458,162791.95203075326 
 04/25  16:00:00,359.93416813647328,224.70259843311033,163618.25571052684 
 04/25  17:00:00,200.2034819338049,125.02057068351228,150814.97215889459 
 04/25  18:00:00,34.46644998575926,21.097334848112909,72550.42713547325 
 04/25  19:00:00,0.0,0.0,49781.0754874663 
 04/25  20:00:00,0.0,0.0,34044.23121651573 
 04/25  21:00:00,0.0,0.0,6269.359496368074 
 04/25  22:00:00,0.0,0.0,7762.572832104939 
 04/25  23:00:00,0.0,0.0,7718.074458006406 
 04/25  24:00:00,0.0,0.0,7703.024824277035 
 04/26  01:00:00,0.0,0.0,7691.405512315465 
 04/26  02:00:00,0.0,0.0,7675.469389825635 
 04/26  03:00:00,0.0,0.0,7648.53710334704 
 04/26  04:00:00,0.0,0.0,7617.429349997144 
 04/26  05:00:00,0.0,0.0,7593.020039310144 
 04/26  06:00:00,72.05337858357764,30.376898077504508,7590.6686873413555 
 04/26  07:00:00,423.6441216700275,193.0005604825508,7632.8992853923655 
 04/26  08:00:00,538.8945027095959,356.93608152601277,19333.387175249194 
 04/26  09:00:00,681.2296300394555,448.8813410853993,108715.36295429117 
 04/26  10:00:00,676.9981275906889,451.43198308531927,121705.73939687696 
 04/26  11:00:00,574.0645970101169,390.3122967176526,129008.38666465652 
 04/26  12:00:00,492.35901040680479,338.2310620864665,133819.6062558343 
 04/26  13:00:00,474.1481936090042,321.08303690487068,136464.65447748276 
 04/26  14:00:00,507.40444585268508,330.005985263546,145763.60143368247 
 04/26  15:00:00,484.6780963344334,305.9634621319887,154280.90558523828 
 04/26  16:00:00,383.2410492654344,238.01366707750877,142824.49837259993 
 04/26  17:00:00,224.00908488288807,138.49988307225557,115885.37998292315 
 04/26  18:00:00,38.07057051553315,23.460434788981315,43150.02216180479 
 04/26  19:00:00,0.0,0.0,24219.459004375403 
 04/26  20:00:00,0.0,0.0,15430.364448861861 
 04/26  21:00:00,0.0,0.0,12672.133133439014 
 04/26  22:00:00,0.0,0.0,7709.166242836519 
 04/26  23:00:00,0.0,0.0,7733.342313120593 
 04/26  24:00:00,0.0,0.0,7744.568482779333 
 04/27  01:00:00,0.0,0.0,7732.149031641733 
 04/27  02:00:00,0.0,0.0,7711.092373511146 
 04/27  03:00:00,0.0,0.0,7683.666977425 
 04/27  04:00:00,0.0,0.0,7641.816219523788 
 04/27  05:00:00,0.0,0.0,7593.753406615219 
 04/27  06:00:00,69.21854900114583,29.358801814059566,7566.39650659925 
 04/27  07:00:00,394.2780415588498,180.49146876159615,7596.390572874953 
 04/27  08:00:00,502.78955812421676,332.24472890241619,7656.665344336575 
 04/27  09:00:00,686.941919532742,452.5305218428248,55027.70125538439 
 04/27  10:00:00,695.7162994499531,463.99729949832166,82009.4428288775 
 04/27  11:00:00,562.4959967157994,385.56029968648928,100051.81561732998 
 04/27  12:00:00,447.30304266372567,314.35307133781699,97363.08565749198 
 04/27  13:00:00,498.1296419779271,337.767586367064,68011.72626064146 
 04/27  14:00:00,579.6225177145128,373.8353684527755,61792.456235226644 
 04/27  15:00:00,579.1888715551572,360.09031339019506,60706.66109642924 
 04/27  16:00:00,487.9973718787001,296.0482878202801,54165.60656222782 
 04/27  17:00:00,310.17743379642158,184.0022792871175,44977.05270215161 
 04/27  18:00:00,57.5096822530565,33.07410554233662,36375.22669557478 
 04/27  19:00:00,0.0,0.0,27555.456895948402 
 04/27  20:00:00,0.0,0.0,16781.46004779868 
 04/27  21:00:00,0.0,0.0,15391.104024723953 
 04/27  22:00:00,0.0,0.0,7794.890401845417 
 04/27  23:00:00,0.0,0.0,7782.710931370985 
 04/27  24:00:00,0.0,0.0,7771.89568503357 
 04/28  01:00:00,0.0,0.0,7753.8951201523205 
 04/28  02:00:00,0.0,0.0,7736.718777971528 
 04/28  03:00:00,0.0,0.0,7725.232415223102 
 04/28  04:00:00,0.0,0.0,7710.2770420413035 
 04/28  05:00:00,0.0,0.0,7690.014296099648 
 04/28  06:00:00,123.37554929723483,55.98347913138051,7697.802977236804 
 04/28  07:00:00,773.5375199959648,330.5465794316138,7748.995188200649 
 04/28  08:00:00,787.9282886639807,520.0276880628713,7799.922436851764 
 04/28  09:00:00,905.7502223863579,593.9941382150039,7838.394428061507 
 04/28  10:00:00,841.6853522308758,559.8579372941949,7865.269956386826 
 04/28  11:00:00,654.6250136137112,446.4187993706919,7883.519625907572 
 04/28  12:00:00,510.0788285293053,354.0731845391186,7896.657793253253 
 04/28  13:00:00,523.0437918352997,353.4723462986461,7900.893049112237 
 04/28  14:00:00,584.6682926165217,377.22518952286586,7898.391936556473 
 04/28  15:00:00,570.7357152843032,355.19098458602238,7880.775720562028 
 04/28  16:00:00,464.8812283292355,283.7847710321882,7858.370300721432 
 04/28  17:00:00,239.95214249762015,147.0252662758971,7835.766917750126 
 04/28  18:00:00,39.0659471676726,23.695601414211919,7814.318727788857 
 04/28  19:00:00,0.0,0.0,7789.239812028422 
 04/28  20:00:00,0.0,0.0,7752.062392930521 
 04/28  21:00:00,0.0,0.0,7726.739092644945 
 04/28  22:00:00,0.0,0.0,7704.971358570449 
 04/28  23:00:00,0.0,0.0,7682.807818422344 
 04/28  24:00:00,0.0,0.0,7656.815140306556 
 04/29  01:00:00,0.0,0.0,7623.413647919271 
 04/29  02:00:00,0.0,0.0,7593.554507067202 
 04/29  03:00:00,0.0,0.0,7568.009536737102 
 04/29  04:00:00,0.0,0.0,7532.950518270559 
 04/29  05:00:00,0.0,0.0,7491.482628198532 
 04/29  06:00:00,141.68752842087819,60.81150350465472,7508.865964536511 
 04/29  07:00:00,846.3842314010717,348.5316390345121,7615.454912716268 
 04/29  08:00:00,792.0937527023483,522.9574075720753,22461.97762733856 
 04/29  09:00:00,917.1488674985338,600.8848317275216,154884.70883226436 
 04/29  10:00:00,851.04890643803,565.3951613294674,163331.67606791695 
 04/29  11:00:00,665.4599731337588,453.18276999319729,167485.53383376724 
 04/29  12:00:00,555.4403046478001,383.5094669878772,170561.9200726396 
 04/29  13:00:00,596.4075853472194,400.09474812217169,162902.74175566966 
 04/29  14:00:00,659.8263953393614,423.5055309544286,153477.3836815495 
 04/29  15:00:00,649.6499091702916,401.80011486640918,158742.842227763 
 04/29  16:00:00,554.5841861302092,333.38653186450736,147308.95889559759 
 04/29  17:00:00,363.9939549691951,212.47734346059247,130001.80709557783 
 04/29  18:00:00,66.17082179933563,37.1897109597388,44516.238902851044 
 04/29  19:00:00,0.0,0.0,22115.008677085338 
 04/29  20:00:00,0.0,0.0,8765.870127018508 
 04/29  21:00:00,0.0,0.0,6786.580887056184 
 04/29  22:00:00,0.0,0.0,7763.327613669443 
 04/29  23:00:00,0.0,0.0,7697.951305492366 
 04/29  24:00:00,0.0,0.0,7664.21461434884 
 04/30  01:00:00,0.0,0.0,7635.1389445866 
 04/30  02:00:00,0.0,0.0,7607.688863373142 
 04/30  03:00:00,0.0,0.0,7581.501902649207 
 04/30  04:00:00,0.0,0.0,7563.374123185463 
 04/30  05:00:00,0.0,0.0,7543.974494041828 
 04/30  06:00:00,132.6127436715958,57.19231249727766,7563.406373359593 
 04/30  07:00:00,835.204836979828,348.42238102567657,7634.2739821812875 
 04/30  08:00:00,846.836596447657,559.4347353533979,15445.021212472435 
 04/30  09:00:00,919.5523908879808,602.3980930934571,111554.01537079383 
 04/30  10:00:00,835.9868525723379,556.0322019334641,146044.98277761715 
 04/30  11:00:00,623.3279121324005,426.4117681260143,154336.98436103023 
 04/30  12:00:00,452.3563508260979,317.45008526964838,149562.2807902541 
 04/30  13:00:00,478.31830105695857,325.1264063637362,148077.1864991782 
 04/30  14:00:00,562.0952760189183,362.97818355440787,168633.04283073915 
 04/30  15:00:00,560.2120493978049,348.8510014212595,186026.6751022942 
 04/30  16:00:00,446.02207753674358,272.911292448241,179043.2070432452 
 04/30  17:00:00,241.6974944569738,147.97570864211478,172303.56992427176 
 04/30  18:00:00,39.6390348188702,23.94848035306749,89451.01874300027 
 04/30  19:00:00,0.0,0.0,58360.87898676461 
 04/30  20:00:00,0.0,0.0,41079.09369136255 
 04/30  21:00:00,0.0,0.0,6631.200926902504 
 04/30  22:00:00,0.0,0.0,7792.270636890255 
 04/30  23:00:00,0.0,0.0,7735.579167662075 
 04/30  24:00:00,0.0,0.0,7709.079265456386 
